label,a,rx,ry,N,T_min,T_min_gap,gap_nm,has_gap,T_max,time_s,filename
a0.640_rx0.200_ry0.200_N16,0.64,0.2,0.2,16,0.12631776257093846,0.12631776257093846,160.5623518455809,True,0.37830747433636835,1.8,2d_a0.640_rx0.200_ry0.200_N16.csv
a0.640_rx0.200_ry0.300_N16,0.64,0.2,0.3,16,0.272065610158691,0.272065610158691,147.42757712951288,True,1.996434644828083,1.7,2d_a0.640_rx0.200_ry0.300_N16.csv
a0.640_rx0.200_ry0.400_N16,0.64,0.2,0.4,16,0.46435915722699134,0.46435915722699134,160.5623518455809,True,0.6761959518857743,1.7,2d_a0.640_rx0.200_ry0.400_N16.csv
a0.640_rx0.210_ry0.200_N16,0.64,0.21,0.2,16,0.12810272924751545,0.12810272924751545,160.5623518455809,True,0.4035694348781069,1.7,2d_a0.640_rx0.210_ry0.200_N16.csv
a0.640_rx0.210_ry0.300_N16,0.64,0.21,0.3,16,0.26732939921765475,0.26732939921765475,158.71687940463585,True,1.1549142430898023,1.7,2d_a0.640_rx0.210_ry0.300_N16.csv
a0.640_rx0.210_ry0.400_N16,0.64,0.21,0.4,16,0.45809020265950195,0.45809020265950195,160.5623518455809,True,0.5430159239621724,1.7,2d_a0.640_rx0.210_ry0.400_N16.csv
a0.640_rx0.220_ry0.200_N16,0.64,0.22,0.2,16,0.13258367146803418,0.13258367146803418,160.5623518455809,True,0.42867920851904906,1.7,2d_a0.640_rx0.220_ry0.200_N16.csv
a0.640_rx0.220_ry0.300_N16,0.64,0.22,0.3,16,0.2720758588858302,0.2720758588858302,152.2902930220514,True,1.7458367262473733,1.7,2d_a0.640_rx0.220_ry0.300_N16.csv
a0.640_rx0.220_ry0.400_N16,0.64,0.22,0.4,16,0.4554104496277114,0.4554104496277114,160.5623518455809,True,0.5203208647303923,1.7,2d_a0.640_rx0.220_ry0.400_N16.csv
a0.600_rx0.200_ry0.200_N12,0.6,0.2,0.2,12,0.2149084138564186,0.2149084138564186,160.5623518455809,True,0.8001186987329045,1.5,2d_a0.600_rx0.200_ry0.200_N12.csv
a0.600_rx0.200_ry0.200_N16,0.6,0.2,0.2,16,0.14948256886685696,0.14948256886685696,148.3371282986359,True,2.547890012936359,1.7,2d_a0.600_rx0.200_ry0.200_N16.csv
a0.600_rx0.200_ry0.200_N20,0.6,0.2,0.2,20,0.09677887737395625,0.09677887737395625,126.19424269453361,True,2.617842785301399,1.9,2d_a0.600_rx0.200_ry0.200_N20.csv
a0.600_rx0.200_ry0.240_N12,0.6,0.2,0.24,12,0.236802285155485,0.236802285155485,133.9052248145615,True,4.008630314203334,1.5,2d_a0.600_rx0.200_ry0.240_N12.csv
a0.600_rx0.200_ry0.240_N16,0.6,0.2,0.24,16,0.15457153233206122,0.15457153233206122,138.3876388294725,True,7.616860006209838,1.7,2d_a0.600_rx0.200_ry0.240_N16.csv
a0.600_rx0.200_ry0.240_N20,0.6,0.2,0.24,20,0.09797114458456586,0.09797114458456586,133.9052248145615,True,2.725428590213885,1.9,2d_a0.600_rx0.200_ry0.240_N20.csv
a0.600_rx0.200_ry0.280_N12,0.6,0.2,0.28,12,0.28601686951001914,0.28601686951001914,145.00706740609394,True,4.967266826197159,1.5,2d_a0.600_rx0.200_ry0.280_N12.csv
a0.600_rx0.200_ry0.280_N16,0.6,0.2,0.28,16,0.20860674663174936,0.20860674663174936,149.85530821328553,True,2.898423060635692,1.7,2d_a0.600_rx0.200_ry0.280_N16.csv
a0.600_rx0.200_ry0.280_N20,0.6,0.2,0.28,20,0.15233992342782054,0.15233992342782054,160.5623518455809,True,0.7019705643932315,1.9,2d_a0.600_rx0.200_ry0.280_N20.csv
a0.600_rx0.200_ry0.320_N12,0.6,0.2,0.32,12,0.37287271133934763,0.37287271133934763,160.5623518455809,True,1.3690144296128168,1.5,2d_a0.600_rx0.200_ry0.320_N12.csv
a0.600_rx0.200_ry0.320_N16,0.6,0.2,0.32,16,0.32256356150024834,0.32256356150024834,160.5623518455809,True,0.7421025605296134,1.7,2d_a0.600_rx0.200_ry0.320_N16.csv
a0.600_rx0.200_ry0.320_N20,0.6,0.2,0.32,20,0.23351746815557822,0.23351746815557822,160.5623518455809,True,0.8162777568695986,1.9,2d_a0.600_rx0.200_ry0.320_N20.csv
a0.600_rx0.200_ry0.360_N12,0.6,0.2,0.36,12,0.48162367882607293,0.48162367882607293,160.5623518455809,True,0.6238582317210418,1.5,2d_a0.600_rx0.200_ry0.360_N12.csv
a0.600_rx0.200_ry0.360_N16,0.6,0.2,0.36,16,0.46294518147717434,0.46294518147717434,160.5623518455809,True,0.5318131665462219,1.6,2d_a0.600_rx0.200_ry0.360_N16.csv
a0.600_rx0.200_ry0.360_N20,0.6,0.2,0.36,20,0.34679468081302794,0.34679468081302794,160.5623518455809,True,0.6267481639470315,1.9,2d_a0.600_rx0.200_ry0.360_N20.csv
a0.600_rx0.200_ry0.400_N12,0.6,0.2,0.4,12,0.48189326817129036,0.48189326817129036,160.5623518455809,True,0.5885175669654831,1.5,2d_a0.600_rx0.200_ry0.400_N12.csv
a0.600_rx0.200_ry0.400_N16,0.6,0.2,0.4,16,0.48175813175513615,0.48175813175513615,160.5623518455809,True,0.6494052778325347,1.6,2d_a0.600_rx0.200_ry0.400_N16.csv
a0.600_rx0.200_ry0.400_N20,0.6,0.2,0.4,20,0.43502055873894074,0.43502055873894074,160.5623518455809,True,0.5847311369500987,2.0,2d_a0.600_rx0.200_ry0.400_N20.csv
a0.600_rx0.200_ry0.440_N12,0.6,0.2,0.44,12,0.3970671229696052,0.3970671229696052,160.5623518455809,True,0.5465332743179975,1.5,2d_a0.600_rx0.200_ry0.440_N12.csv
a0.600_rx0.200_ry0.440_N16,0.6,0.2,0.44,16,0.3831591957325234,0.3831591957325234,160.5623518455809,True,0.6378376458691281,1.6,2d_a0.600_rx0.200_ry0.440_N16.csv
a0.600_rx0.200_ry0.440_N20,0.6,0.2,0.44,20,0.3370948434982571,0.3370948434982571,160.5623518455809,True,0.7005057463955647,1.9,2d_a0.600_rx0.200_ry0.440_N20.csv
a0.620_rx0.200_ry0.200_N12,0.62,0.2,0.2,12,0.20556880313738496,0.20556880313738496,160.5623518455809,True,0.59770186021303,1.5,2d_a0.620_rx0.200_ry0.200_N12.csv
a0.620_rx0.200_ry0.200_N16,0.62,0.2,0.2,16,0.1329891374572443,0.1329891374572443,159.63909635880532,True,0.9302045864602964,1.7,2d_a0.620_rx0.200_ry0.200_N16.csv
a0.620_rx0.200_ry0.200_N20,0.62,0.2,0.2,20,0.08766455567723277,0.08766455567723277,135.69520766813162,True,1.0425466271779815,1.9,2d_a0.620_rx0.200_ry0.200_N20.csv
a0.620_rx0.200_ry0.240_N12,0.62,0.2,0.24,12,0.22686136642856192,0.22686136642856192,149.55144580531237,True,1.8166988737065426,1.5,2d_a0.620_rx0.200_ry0.240_N12.csv
a0.620_rx0.200_ry0.240_N16,0.62,0.2,0.24,16,0.14196052841073198,0.14196052841073198,144.101231444243,True,4.249207309504249,1.7,2d_a0.620_rx0.200_ry0.240_N16.csv
a0.620_rx0.200_ry0.240_N20,0.62,0.2,0.24,20,0.0942709017038813,0.0942709017038813,136.2927512538647,True,1.0186245158149017,1.9,2d_a0.620_rx0.200_ry0.240_N20.csv
a0.620_rx0.200_ry0.280_N12,0.62,0.2,0.28,12,0.3026271728997839,0.3026271728997839,143.79951049317492,True,3.9409125088343204,1.5,2d_a0.620_rx0.200_ry0.280_N12.csv
a0.620_rx0.200_ry0.280_N16,0.62,0.2,0.28,16,0.22083182417407043,0.22083182417407043,141.6905985988276,True,2.7352910910335475,1.7,2d_a0.620_rx0.200_ry0.280_N16.csv
a0.620_rx0.200_ry0.280_N20,0.62,0.2,0.28,20,0.15481487341674344,0.15481487341674344,160.5623518455809,True,0.7919441550683013,1.9,2d_a0.620_rx0.200_ry0.280_N20.csv
a0.620_rx0.200_ry0.320_N12,0.62,0.2,0.32,12,0.3755931842258562,0.3755931842258562,143.49790162269824,True,2.47183295745459,1.5,2d_a0.620_rx0.200_ry0.320_N12.csv
a0.620_rx0.200_ry0.320_N16,0.62,0.2,0.32,16,0.3200400649799622,0.3200400649799622,157.18215424303344,True,1.7699083822226684,1.7,2d_a0.620_rx0.200_ry0.320_N16.csv
a0.620_rx0.200_ry0.320_N20,0.62,0.2,0.32,20,0.20240358249610035,0.20240358249610035,160.5623518455809,True,0.7732585997972866,1.9,2d_a0.620_rx0.200_ry0.320_N20.csv
a0.620_rx0.200_ry0.360_N12,0.62,0.2,0.36,12,0.4841849297073063,0.4841849297073063,160.5623518455809,True,0.5776950850529542,1.5,2d_a0.620_rx0.200_ry0.360_N12.csv
a0.620_rx0.200_ry0.360_N16,0.62,0.2,0.36,16,0.4625553521651179,0.4625553521651179,160.5623518455809,True,0.5836734872920645,1.7,2d_a0.620_rx0.200_ry0.360_N16.csv
a0.620_rx0.200_ry0.360_N20,0.62,0.2,0.36,20,0.25910927683860446,0.25910927683860446,160.5623518455809,True,0.7613613958924361,1.9,2d_a0.620_rx0.200_ry0.360_N20.csv
a0.620_rx0.200_ry0.400_N12,0.62,0.2,0.4,12,0.47577657970260173,0.47577657970260173,160.5623518455809,True,0.5532058729813275,1.5,2d_a0.620_rx0.200_ry0.400_N12.csv
a0.620_rx0.200_ry0.400_N16,0.62,0.2,0.4,16,0.47089459719003196,0.47089459719003196,160.5623518455809,True,0.6115296981721641,1.7,2d_a0.620_rx0.200_ry0.400_N16.csv
a0.620_rx0.200_ry0.400_N20,0.62,0.2,0.4,20,0.38827969429649223,0.38827969429649223,160.5623518455809,True,0.662865784153326,1.9,2d_a0.620_rx0.200_ry0.400_N20.csv
a0.620_rx0.200_ry0.440_N12,0.62,0.2,0.44,12,0.3640310043225619,0.3640310043225619,160.5623518455809,True,0.5926804734370976,1.5,2d_a0.620_rx0.200_ry0.440_N12.csv
a0.620_rx0.200_ry0.440_N16,0.62,0.2,0.44,16,0.3395701370231403,0.3395701370231403,160.5623518455809,True,0.6168070048548231,1.7,2d_a0.620_rx0.200_ry0.440_N16.csv
a0.620_rx0.200_ry0.440_N20,0.62,0.2,0.44,20,0.17636113214515844,0.17636113214515844,160.5623518455809,True,1.431218099952636,1.9,2d_a0.620_rx0.200_ry0.440_N20.csv
a0.640_rx0.200_ry0.200_N12,0.64,0.2,0.2,12,0.20345714202050538,0.20345714202050538,160.5623518455809,True,0.5772261397607924,1.5,2d_a0.640_rx0.200_ry0.200_N12.csv
a0.640_rx0.200_ry0.200_N16,0.64,0.2,0.2,16,0.12631776257093846,0.12631776257093846,160.5623518455809,True,0.37830747433636835,0,2d_a0.640_rx0.200_ry0.200_N16.csv
a0.640_rx0.200_ry0.200_N20,0.64,0.2,0.2,20,0.07910598771489138,0.07910598771489138,160.5623518455809,True,0.5481106600625083,2.0,2d_a0.640_rx0.200_ry0.200_N20.csv
a0.640_rx0.200_ry0.240_N12,0.64,0.2,0.24,12,0.2289331417710495,0.2289331417710495,160.5623518455809,True,0.6170751909599654,1.5,2d_a0.640_rx0.200_ry0.240_N12.csv
a0.640_rx0.200_ry0.240_N16,0.64,0.2,0.24,16,0.14116322555729205,0.14116322555729205,160.25448451587545,True,0.8979020520455187,1.7,2d_a0.640_rx0.200_ry0.240_N16.csv
a0.640_rx0.200_ry0.240_N20,0.64,0.2,0.24,20,0.08917747111290435,0.08917747111290435,160.5623518455809,True,0.7946492062262919,1.9,2d_a0.640_rx0.200_ry0.240_N20.csv
a0.640_rx0.200_ry0.280_N12,0.64,0.2,0.28,12,0.32751404799460376,0.32751404799460376,143.49790162269824,True,2.5764520839180167,1.5,2d_a0.640_rx0.200_ry0.280_N12.csv
a0.640_rx0.200_ry0.280_N16,0.64,0.2,0.28,16,0.22645441438987907,0.22645441438987907,148.94406075351958,True,2.066182670381117,1.7,2d_a0.640_rx0.200_ry0.280_N16.csv
a0.640_rx0.200_ry0.280_N20,0.64,0.2,0.28,20,0.15636960655117857,0.15636960655117857,160.5623518455809,True,0.6492834682805906,1.9,2d_a0.640_rx0.200_ry0.280_N20.csv
a0.640_rx0.200_ry0.320_N12,0.64,0.2,0.32,12,0.38369550263360735,0.38369550263360735,150.7675757261777,True,2.378531038911486,1.5,2d_a0.640_rx0.200_ry0.320_N12.csv
a0.640_rx0.200_ry0.320_N16,0.64,0.2,0.32,16,0.32525771743797205,0.32525771743797205,155.03836194659084,True,1.3173127197895844,1.7,2d_a0.640_rx0.200_ry0.320_N16.csv
a0.640_rx0.200_ry0.320_N20,0.64,0.2,0.32,20,0.2726630224882164,0.2726630224882164,160.5623518455809,True,0.7440336110646225,1.9,2d_a0.640_rx0.200_ry0.320_N20.csv
a0.640_rx0.200_ry0.360_N12,0.64,0.2,0.36,12,0.48033984240211663,0.48033984240211663,158.409704235459,True,0.9952184306436405,1.5,2d_a0.640_rx0.200_ry0.360_N12.csv
a0.640_rx0.200_ry0.360_N16,0.64,0.2,0.36,16,0.3607823479611808,0.3607823479611808,160.5623518455809,True,0.8441624504979583,1.7,2d_a0.640_rx0.200_ry0.360_N16.csv
a0.640_rx0.200_ry0.360_N20,0.64,0.2,0.36,20,0.3641353353494649,0.3641353353494649,160.5623518455809,True,0.7636163136792837,1.9,2d_a0.640_rx0.200_ry0.360_N20.csv
a0.640_rx0.200_ry0.400_N12,0.64,0.2,0.4,12,0.4698327638606751,0.4698327638606751,160.5623518455809,True,0.6121832187216455,1.5,2d_a0.640_rx0.200_ry0.400_N12.csv
a0.640_rx0.200_ry0.400_N16,0.64,0.2,0.4,16,0.46435915722699134,0.46435915722699134,160.5623518455809,True,0.6761959518857743,0,2d_a0.640_rx0.200_ry0.400_N16.csv
a0.640_rx0.200_ry0.400_N20,0.64,0.2,0.4,20,0.3301377915204955,0.3301377915204955,160.5623518455809,True,0.5603063772963432,1.9,2d_a0.640_rx0.200_ry0.400_N20.csv
a0.640_rx0.200_ry0.440_N12,0.64,0.2,0.44,12,0.3368832397027038,0.3368832397027038,160.5623518455809,True,0.5562137138585656,1.5,2d_a0.640_rx0.200_ry0.440_N12.csv
a0.640_rx0.200_ry0.440_N16,0.64,0.2,0.44,16,0.30625661026519746,0.30625661026519746,160.5623518455809,True,0.6053207247599163,1.7,2d_a0.640_rx0.200_ry0.440_N16.csv
a0.640_rx0.200_ry0.440_N20,0.64,0.2,0.44,20,0.0801216731699752,0.0801216731699752,160.5623518455809,True,1.521109427898063,1.9,2d_a0.640_rx0.200_ry0.440_N20.csv
a0.640_rx0.220_ry0.200_N12,0.64,0.22,0.2,12,0.2159286841120268,0.2159286841120268,160.5623518455809,True,0.6164332505791006,1.5,2d_a0.640_rx0.220_ry0.200_N12.csv
a0.640_rx0.220_ry0.200_N16,0.64,0.22,0.2,16,0.13258367146803418,0.13258367146803418,160.5623518455809,True,0.42867920851904906,0,2d_a0.640_rx0.220_ry0.200_N16.csv
a0.640_rx0.220_ry0.200_N20,0.64,0.22,0.2,20,0.08812261841325139,0.08812261841325139,160.5623518455809,True,0.7461915495657274,1.9,2d_a0.640_rx0.220_ry0.200_N20.csv
a0.640_rx0.220_ry0.240_N12,0.64,0.22,0.24,12,0.24026518415350145,0.24026518415350145,155.03836194659084,True,1.1778538095659705,1.5,2d_a0.640_rx0.220_ry0.240_N12.csv
a0.640_rx0.220_ry0.240_N16,0.64,0.22,0.24,16,0.15148360135435773,0.15148360135435773,154.73256411414263,True,1.452778489382219,1.8,2d_a0.640_rx0.220_ry0.240_N16.csv
a0.640_rx0.220_ry0.240_N20,0.64,0.22,0.24,20,0.10035780129341146,0.10035780129341146,160.5623518455809,True,0.7381797173705482,2.0,2d_a0.640_rx0.220_ry0.240_N20.csv
a0.640_rx0.220_ry0.280_N12,0.64,0.22,0.28,12,0.3203164936929868,0.3203164936929868,148.03383163697572,True,2.0887330504583623,1.5,2d_a0.640_rx0.220_ry0.280_N12.csv
a0.640_rx0.220_ry0.280_N16,0.64,0.22,0.28,16,0.22541653594059521,0.22541653594059521,142.89501987380208,True,2.912164128339019,1.7,2d_a0.640_rx0.220_ry0.280_N16.csv
a0.640_rx0.220_ry0.280_N20,0.64,0.22,0.28,20,0.16244621932704814,0.16244621932704814,160.5623518455809,True,0.6984445885363646,2.0,2d_a0.640_rx0.220_ry0.280_N20.csv
a0.640_rx0.220_ry0.320_N12,0.64,0.22,0.32,12,0.3832300127098383,0.3832300127098383,154.1213114642012,True,1.9827063690092384,1.5,2d_a0.640_rx0.220_ry0.320_N12.csv
a0.640_rx0.220_ry0.320_N16,0.64,0.22,0.32,16,0.3268538403629289,0.3268538403629289,160.5623518455809,True,0.7144906803479468,1.7,2d_a0.640_rx0.220_ry0.320_N16.csv
a0.640_rx0.220_ry0.320_N20,0.64,0.22,0.32,20,0.1776422825812063,0.1776422825812063,160.5623518455809,True,0.5976696811424359,2.0,2d_a0.640_rx0.220_ry0.320_N20.csv
a0.640_rx0.220_ry0.360_N12,0.64,0.22,0.36,12,0.4727775526436027,0.4727775526436027,160.5623518455809,True,0.6151022864300655,1.5,2d_a0.640_rx0.220_ry0.360_N12.csv
a0.640_rx0.220_ry0.360_N16,0.64,0.22,0.36,16,0.4535922822666554,0.4535922822666554,160.5623518455809,True,0.5612036116662757,1.8,2d_a0.640_rx0.220_ry0.360_N16.csv
a0.640_rx0.220_ry0.360_N20,0.64,0.22,0.36,20,0.27468317938013104,0.27468317938013104,160.5623518455809,True,0.6366086694909506,2.0,2d_a0.640_rx0.220_ry0.360_N20.csv
a0.640_rx0.220_ry0.400_N12,0.64,0.22,0.4,12,0.4591531423952255,0.4591531423952255,160.5623518455809,True,0.5913964687773653,1.5,2d_a0.640_rx0.220_ry0.400_N12.csv
a0.640_rx0.220_ry0.400_N16,0.64,0.22,0.4,16,0.4554104496277114,0.4554104496277114,160.5623518455809,True,0.5203208647303923,0,2d_a0.640_rx0.220_ry0.400_N16.csv
a0.640_rx0.220_ry0.400_N20,0.64,0.22,0.4,20,0.23962610687093144,0.23962610687093144,160.5623518455809,True,0.8565669289358872,2.0,2d_a0.640_rx0.220_ry0.400_N20.csv
a0.640_rx0.220_ry0.440_N12,0.64,0.22,0.44,12,0.34894849983566023,0.34894849983566023,160.5623518455809,True,0.5407689898040609,1.6,2d_a0.640_rx0.220_ry0.440_N12.csv
a0.640_rx0.220_ry0.440_N16,0.64,0.22,0.44,16,0.3226634202014996,0.3226634202014996,160.5623518455809,True,0.6754229146517843,1.7,2d_a0.640_rx0.220_ry0.440_N16.csv
a0.640_rx0.220_ry0.440_N20,0.64,0.22,0.44,20,0.13802889873560195,0.13802889873560195,160.5623518455809,True,1.7183483291778299,1.9,2d_a0.640_rx0.220_ry0.440_N20.csv
a0.660_rx0.200_ry0.200_N12,0.66,0.2,0.2,12,0.20658008181665063,0.20658008181665063,160.5623518455809,True,0.5795870073768242,1.5,2d_a0.660_rx0.200_ry0.200_N12.csv
a0.660_rx0.200_ry0.200_N16,0.66,0.2,0.2,16,0.12293724581867405,0.12293724581867405,160.5623518455809,True,0.40746852767560027,1.7,2d_a0.660_rx0.200_ry0.200_N16.csv
a0.660_rx0.200_ry0.200_N20,0.66,0.2,0.2,20,0.07487641422337644,0.07487641422337644,160.5623518455809,True,0.5670552392473378,2.0,2d_a0.660_rx0.200_ry0.200_N20.csv
a0.660_rx0.200_ry0.240_N12,0.66,0.2,0.24,12,0.23475122553064562,0.23475122553064562,160.5623518455809,True,0.6110624070952998,1.5,2d_a0.660_rx0.200_ry0.240_N12.csv
a0.660_rx0.200_ry0.240_N16,0.66,0.2,0.24,16,0.14173640330957657,0.14173640330957657,160.5623518455809,True,0.4419274963374302,1.8,2d_a0.660_rx0.200_ry0.240_N16.csv
a0.660_rx0.200_ry0.240_N20,0.66,0.2,0.24,20,0.0862074564382019,0.0862074564382019,160.5623518455809,True,0.7610891493153091,2.0,2d_a0.660_rx0.200_ry0.240_N20.csv
a0.660_rx0.200_ry0.280_N12,0.66,0.2,0.28,12,0.32316651165056587,0.32316651165056587,160.5623518455809,True,0.8644798999765497,1.6,2d_a0.660_rx0.200_ry0.280_N12.csv
a0.660_rx0.200_ry0.280_N16,0.66,0.2,0.28,16,0.2252159683596782,0.2252159683596782,160.5623518455809,True,0.5923349648344671,1.8,2d_a0.660_rx0.200_ry0.280_N16.csv
a0.660_rx0.200_ry0.280_N20,0.66,0.2,0.28,20,0.15161214893178795,0.15161214893178795,160.5623518455809,True,0.7935813818835025,2.0,2d_a0.660_rx0.200_ry0.280_N20.csv
a0.660_rx0.200_ry0.320_N12,0.66,0.2,0.32,12,0.4199935330793034,0.4199935330793034,148.64053798308782,True,1.951912439892156,1.5,2d_a0.660_rx0.200_ry0.320_N12.csv
a0.660_rx0.200_ry0.320_N16,0.66,0.2,0.32,16,0.33779130997059714,0.33779130997059714,158.409704235459,True,0.9663548666254584,1.8,2d_a0.660_rx0.200_ry0.320_N16.csv
a0.660_rx0.200_ry0.320_N20,0.66,0.2,0.32,20,0.26664470712179006,0.26664470712179006,160.5623518455809,True,0.8515948415263354,2.0,2d_a0.660_rx0.200_ry0.320_N20.csv
a0.660_rx0.200_ry0.360_N12,0.66,0.2,0.36,12,0.48397586133385284,0.48397586133385284,152.90017642992598,True,1.3309883272041807,1.5,2d_a0.660_rx0.200_ry0.360_N12.csv
a0.660_rx0.200_ry0.360_N16,0.66,0.2,0.36,16,0.44692662840069936,0.44692662840069936,160.5623518455809,True,0.8325983076407356,1.8,2d_a0.660_rx0.200_ry0.360_N16.csv
a0.660_rx0.200_ry0.360_N20,0.66,0.2,0.36,20,0.39404573729798525,0.39404573729798525,160.5623518455809,True,0.8781335106954671,2.0,2d_a0.660_rx0.200_ry0.360_N20.csv
a0.660_rx0.200_ry0.400_N12,0.66,0.2,0.4,12,0.49916160697702366,0.49916160697702366,160.5623518455809,True,0.7760059578520978,1.5,2d_a0.660_rx0.200_ry0.400_N12.csv
a0.660_rx0.200_ry0.400_N16,0.66,0.2,0.4,16,0.34896996674039255,0.34896996674039255,160.5623518455809,True,0.5740913660167762,1.7,2d_a0.660_rx0.200_ry0.400_N16.csv
a0.660_rx0.200_ry0.400_N20,0.66,0.2,0.4,20,0.42768805617394834,0.42768805617394834,160.5623518455809,True,0.7386122335740811,2.0,2d_a0.660_rx0.200_ry0.400_N20.csv
a0.660_rx0.200_ry0.440_N12,0.66,0.2,0.44,12,0.3267354575401001,0.3267354575401001,160.5623518455809,True,0.7520435604690684,1.5,2d_a0.660_rx0.200_ry0.440_N12.csv
a0.660_rx0.200_ry0.440_N16,0.66,0.2,0.44,16,0.28874349760019613,0.28874349760019613,160.5623518455809,True,0.5903429248590558,1.7,2d_a0.660_rx0.200_ry0.440_N16.csv
a0.660_rx0.200_ry0.440_N20,0.66,0.2,0.44,20,0.06438096157043396,0.06438096157043396,160.5623518455809,True,0.6102082623392396,2.0,2d_a0.660_rx0.200_ry0.440_N20.csv
a0.660_rx0.220_ry0.200_N12,0.66,0.22,0.2,12,0.21348607811013956,0.21348607811013956,160.5623518455809,True,0.6274154894753524,1.5,2d_a0.660_rx0.220_ry0.200_N12.csv
a0.660_rx0.220_ry0.200_N16,0.66,0.22,0.2,16,0.12734349905517287,0.12734349905517287,160.5623518455809,True,0.3779180530767187,1.7,2d_a0.660_rx0.220_ry0.200_N16.csv
a0.660_rx0.220_ry0.200_N20,0.66,0.22,0.2,20,0.07986603053749482,0.07986603053749482,160.5623518455809,True,0.6425722001661238,2.0,2d_a0.660_rx0.220_ry0.200_N20.csv
a0.660_rx0.220_ry0.240_N12,0.66,0.22,0.24,12,0.24080201586789066,0.24080201586789066,160.5623518455809,True,0.6149854466925238,1.5,2d_a0.660_rx0.220_ry0.240_N12.csv
a0.660_rx0.220_ry0.240_N16,0.66,0.22,0.24,16,0.1492434712161546,0.1492434712161546,160.5623518455809,True,0.41383818933890293,1.8,2d_a0.660_rx0.220_ry0.240_N16.csv
a0.660_rx0.220_ry0.240_N20,0.66,0.22,0.24,20,0.09545967615799338,0.09545967615799338,160.5623518455809,True,0.7942788239301409,2.0,2d_a0.660_rx0.220_ry0.240_N20.csv
a0.660_rx0.220_ry0.280_N12,0.66,0.22,0.28,12,0.3180847666582022,0.3180847666582022,152.2902930220514,True,1.340386981605943,1.5,2d_a0.660_rx0.220_ry0.280_N12.csv
a0.660_rx0.220_ry0.280_N16,0.66,0.22,0.28,16,0.2251351213744265,0.2251351213744265,157.18215424303344,True,1.0855955399331696,1.8,2d_a0.660_rx0.220_ry0.280_N16.csv
a0.660_rx0.220_ry0.280_N20,0.66,0.22,0.28,20,0.16036200642488777,0.16036200642488777,160.5623518455809,True,0.717654027149145,2.0,2d_a0.660_rx0.220_ry0.280_N20.csv
a0.660_rx0.220_ry0.320_N12,0.66,0.22,0.32,12,0.4008446922821909,0.4008446922821909,149.85530821328553,True,1.9898160992071547,1.5,2d_a0.660_rx0.220_ry0.320_N12.csv
a0.660_rx0.220_ry0.320_N16,0.66,0.22,0.32,16,0.3359900320237031,0.3359900320237031,160.5623518455809,True,0.7446666270950871,1.7,2d_a0.660_rx0.220_ry0.320_N16.csv
a0.660_rx0.220_ry0.320_N20,0.66,0.22,0.32,20,0.28080753453702384,0.28080753453702384,160.5623518455809,True,0.6345045959559099,2.0,2d_a0.660_rx0.220_ry0.320_N20.csv
a0.660_rx0.220_ry0.360_N12,0.66,0.22,0.36,12,0.46493212068037626,0.46493212068037626,160.25448451587545,True,0.89819274939669,1.5,2d_a0.660_rx0.220_ry0.360_N12.csv
a0.660_rx0.220_ry0.360_N16,0.66,0.22,0.36,16,0.2056122667185667,0.2056122667185667,160.5623518455809,True,0.5545566186131256,1.8,2d_a0.660_rx0.220_ry0.360_N16.csv
a0.660_rx0.220_ry0.360_N20,0.66,0.22,0.36,20,0.41839594012749626,0.41839594012749626,160.5623518455809,True,0.7367080400150554,2.0,2d_a0.660_rx0.220_ry0.360_N20.csv
a0.660_rx0.220_ry0.400_N12,0.66,0.22,0.4,12,0.45379584301137216,0.45379584301137216,160.5623518455809,True,0.5898923109440015,1.5,2d_a0.660_rx0.220_ry0.400_N12.csv
a0.660_rx0.220_ry0.400_N16,0.66,0.22,0.4,16,0.4492724618133996,0.4492724618133996,160.5623518455809,True,0.5386805467649389,1.7,2d_a0.660_rx0.220_ry0.400_N16.csv
a0.660_rx0.220_ry0.400_N20,0.66,0.22,0.4,20,0.18679365580338503,0.18679365580338503,160.5623518455809,True,0.7206104663796679,2.0,2d_a0.660_rx0.220_ry0.400_N20.csv
a0.660_rx0.220_ry0.440_N12,0.66,0.22,0.44,12,0.32125835597904456,0.32125835597904456,160.5623518455809,True,0.561185925540617,1.5,2d_a0.660_rx0.220_ry0.440_N12.csv
a0.660_rx0.220_ry0.440_N16,0.66,0.22,0.44,16,0.2894456261242441,0.2894456261242441,160.5623518455809,True,0.7292854028661427,1.7,2d_a0.660_rx0.220_ry0.440_N16.csv
a0.660_rx0.220_ry0.440_N20,0.66,0.22,0.44,20,0.06896884898527791,0.06896884898527791,160.5623518455809,True,1.188196566362968,2.0,2d_a0.660_rx0.220_ry0.440_N20.csv
a0.680_rx0.200_ry0.200_N12,0.68,0.2,0.2,12,0.2129194855977914,0.2129194855977914,160.5623518455809,True,0.4678781622655536,1.5,2d_a0.680_rx0.200_ry0.200_N12.csv
a0.680_rx0.200_ry0.200_N16,0.68,0.2,0.2,16,0.10010675000704114,0.10010675000704114,160.5623518455809,True,0.4279211573999389,1.8,2d_a0.680_rx0.200_ry0.200_N16.csv
a0.680_rx0.200_ry0.200_N20,0.68,0.2,0.2,20,0.0680687317652922,0.0680687317652922,137.7885456268134,True,1.3990999549785572,2.0,2d_a0.680_rx0.200_ry0.200_N20.csv
a0.680_rx0.200_ry0.240_N12,0.68,0.2,0.24,12,0.240815654544035,0.240815654544035,160.5623518455809,True,0.48251399452634425,1.5,2d_a0.680_rx0.200_ry0.240_N12.csv
a0.680_rx0.200_ry0.240_N16,0.68,0.2,0.24,16,0.10134642512661932,0.10134642512661932,160.5623518455809,True,0.4646766082034815,1.9,2d_a0.680_rx0.200_ry0.240_N16.csv
a0.680_rx0.200_ry0.240_N20,0.68,0.2,0.24,20,0.08308787601755997,0.08308787601755997,137.48916531708323,True,1.3640579275476266,2.1,2d_a0.680_rx0.200_ry0.240_N20.csv
a0.680_rx0.200_ry0.280_N12,0.68,0.2,0.28,12,0.32782016734202846,0.32782016734202846,160.5623518455809,True,0.5199376921027784,1.6,2d_a0.680_rx0.200_ry0.280_N12.csv
a0.680_rx0.200_ry0.280_N16,0.68,0.2,0.28,16,0.22481114342162759,0.22481114342162759,160.5623518455809,True,0.5190969021701162,1.8,2d_a0.680_rx0.200_ry0.280_N16.csv
a0.680_rx0.200_ry0.280_N20,0.68,0.2,0.28,20,0.1360059900847683,0.1360059900847683,135.09810572584684,True,2.0395888970735294,2.0,2d_a0.680_rx0.200_ry0.280_N20.csv
a0.680_rx0.200_ry0.320_N12,0.68,0.2,0.32,12,0.44123086150665575,0.44123086150665575,160.5623518455809,True,0.8122870038499739,1.6,2d_a0.680_rx0.200_ry0.320_N12.csv
a0.680_rx0.200_ry0.320_N16,0.68,0.2,0.32,16,0.35802967475373654,0.35802967475373654,160.5623518455809,True,0.6481951238152481,1.8,2d_a0.680_rx0.200_ry0.320_N16.csv
a0.680_rx0.200_ry0.320_N20,0.68,0.2,0.32,20,0.20873414530669412,0.20873414530669412,139.58715729305163,True,2.072590521730562,2.0,2d_a0.680_rx0.200_ry0.320_N20.csv
a0.680_rx0.200_ry0.360_N12,0.68,0.2,0.36,12,0.5090391816819122,0.5090391816819122,156.56906875252707,True,1.111339895442571,1.6,2d_a0.680_rx0.200_ry0.360_N12.csv
a0.680_rx0.200_ry0.360_N16,0.68,0.2,0.36,16,0.4698774993047861,0.4698774993047861,160.5623518455809,True,0.6589048326829526,1.8,2d_a0.680_rx0.200_ry0.360_N16.csv
a0.680_rx0.200_ry0.360_N20,0.68,0.2,0.36,20,0.22160276096234424,0.22160276096234424,149.24769667316696,True,1.2678086499729266,2.0,2d_a0.680_rx0.200_ry0.360_N20.csv
a0.680_rx0.200_ry0.400_N12,0.68,0.2,0.4,12,0.5077852242422757,0.5077852242422757,151.98552212190634,True,1.2706797580229172,1.5,2d_a0.680_rx0.200_ry0.400_N12.csv
a0.680_rx0.200_ry0.400_N16,0.68,0.2,0.4,16,0.48805440725226573,0.48805440725226573,160.5623518455809,True,0.8685671238272152,1.8,2d_a0.680_rx0.200_ry0.400_N16.csv
a0.680_rx0.200_ry0.400_N20,0.68,0.2,0.4,20,0.30097855835237614,0.30097855835237614,146.51904146225365,True,1.4994531846444152,2.0,2d_a0.680_rx0.200_ry0.400_N20.csv
a0.680_rx0.200_ry0.440_N12,0.68,0.2,0.44,12,0.34874988005416424,0.34874988005416424,160.5623518455809,True,0.9852914388203817,1.5,2d_a0.680_rx0.200_ry0.440_N12.csv
a0.680_rx0.200_ry0.440_N16,0.68,0.2,0.44,16,0.29632371971690846,0.29632371971690846,160.5623518455809,True,0.8230815871317508,1.8,2d_a0.680_rx0.200_ry0.440_N16.csv
a0.680_rx0.200_ry0.440_N20,0.68,0.2,0.44,20,0.2034307220023881,0.2034307220023881,160.5623518455809,True,0.588938714819447,2.0,2d_a0.680_rx0.200_ry0.440_N20.csv
a0.680_rx0.220_ry0.200_N12,0.68,0.22,0.2,12,0.21399031292471962,0.21399031292471962,160.5623518455809,True,0.48785295849374744,1.5,2d_a0.680_rx0.220_ry0.200_N12.csv
a0.680_rx0.220_ry0.200_N16,0.68,0.22,0.2,16,0.1109002802634211,0.1109002802634211,160.5623518455809,True,0.4156286829250061,1.8,2d_a0.680_rx0.220_ry0.200_N16.csv
a0.680_rx0.220_ry0.200_N20,0.68,0.22,0.2,20,0.07471715268319151,0.07471715268319151,138.68735184558068,True,1.162930782321422,2.0,2d_a0.680_rx0.220_ry0.200_N20.csv
a0.680_rx0.220_ry0.240_N12,0.68,0.22,0.24,12,0.24071401617134594,0.24071401617134594,160.5623518455809,True,0.45968770579501267,1.5,2d_a0.680_rx0.220_ry0.240_N12.csv
a0.680_rx0.220_ry0.240_N16,0.68,0.22,0.24,16,0.14302579028689733,0.14302579028689733,160.5623518455809,True,0.4462608333252131,1.8,2d_a0.680_rx0.220_ry0.240_N16.csv
a0.680_rx0.220_ry0.240_N20,0.68,0.22,0.24,20,0.08965676214494901,0.08965676214494901,135.69520766813162,True,1.4550882012969935,2.0,2d_a0.680_rx0.220_ry0.240_N20.csv
a0.680_rx0.220_ry0.280_N12,0.68,0.22,0.28,12,0.31633932749117194,0.31633932749117194,160.5623518455809,True,0.7048013708214409,1.6,2d_a0.680_rx0.220_ry0.280_N12.csv
a0.680_rx0.220_ry0.280_N16,0.68,0.22,0.28,16,0.22353632109021562,0.22353632109021562,160.5623518455809,True,0.4912988334660283,1.8,2d_a0.680_rx0.220_ry0.280_N16.csv
a0.680_rx0.220_ry0.280_N20,0.68,0.22,0.28,20,0.1490195759163043,0.1490195759163043,137.18989578637616,True,1.5006743443889183,2.0,2d_a0.680_rx0.220_ry0.280_N20.csv
a0.680_rx0.220_ry0.320_N12,0.68,0.22,0.32,12,0.41827343161265446,0.41827343161265446,160.5623518455809,True,0.7679768312651722,1.5,2d_a0.680_rx0.220_ry0.320_N12.csv
a0.680_rx0.220_ry0.320_N16,0.68,0.22,0.32,16,0.349614960130028,0.349614960130028,160.5623518455809,True,0.5459156821901177,1.8,2d_a0.680_rx0.220_ry0.320_N16.csv
a0.680_rx0.220_ry0.320_N20,0.68,0.22,0.32,20,0.25115366753673424,0.25115366753673424,146.51904146225365,True,1.0414157125887589,2.0,2d_a0.680_rx0.220_ry0.320_N20.csv
a0.680_rx0.220_ry0.360_N12,0.68,0.22,0.36,12,0.463005755827534,0.463005755827534,160.5623518455809,True,0.7674779893648209,1.5,2d_a0.680_rx0.220_ry0.360_N12.csv
a0.680_rx0.220_ry0.360_N16,0.68,0.22,0.36,16,0.4337533129934109,0.4337533129934109,160.5623518455809,True,0.6946616268131303,1.8,2d_a0.680_rx0.220_ry0.360_N16.csv
a0.680_rx0.220_ry0.360_N20,0.68,0.22,0.36,20,0.3538249812110774,0.3538249812110774,142.5937468706411,True,1.380260978249256,2.0,2d_a0.680_rx0.220_ry0.360_N20.csv
a0.680_rx0.220_ry0.400_N12,0.68,0.22,0.4,12,0.47085926472805234,0.47085926472805234,156.26269815782348,True,1.2043361405763384,1.5,2d_a0.680_rx0.220_ry0.400_N12.csv
a0.680_rx0.220_ry0.400_N16,0.68,0.22,0.4,16,0.46313568038208586,0.46313568038208586,160.5623518455809,True,0.5757949147156971,1.8,2d_a0.680_rx0.220_ry0.400_N16.csv
a0.680_rx0.220_ry0.400_N20,0.68,0.22,0.4,20,0.23710080645383272,0.23710080645383272,151.07189187170502,True,1.2405943265489112,2.0,2d_a0.680_rx0.220_ry0.400_N20.csv
a0.680_rx0.220_ry0.440_N12,0.68,0.22,0.44,12,0.30446040994183937,0.30446040994183937,160.5623518455809,True,0.8570541819628321,1.5,2d_a0.680_rx0.220_ry0.440_N12.csv
a0.680_rx0.220_ry0.440_N16,0.68,0.22,0.44,16,0.27076982518824216,0.27076982518824216,160.5623518455809,True,0.6779286928602665,1.8,2d_a0.680_rx0.220_ry0.440_N16.csv
a0.680_rx0.220_ry0.440_N20,0.68,0.22,0.44,20,0.17194891003176627,0.17194891003176627,160.5623518455809,True,0.6903669466465154,2.0,2d_a0.680_rx0.220_ry0.440_N20.csv
a0.680_rx0.240_ry0.200_N12,0.68,0.24,0.2,12,0.2274331459263384,0.2274331459263384,160.5623518455809,True,0.5689333629009743,1.5,2d_a0.680_rx0.240_ry0.200_N12.csv
a0.680_rx0.240_ry0.200_N16,0.68,0.24,0.2,16,0.13755322943778023,0.13755322943778023,160.5623518455809,True,0.39822966874289695,1.8,2d_a0.680_rx0.240_ry0.200_N16.csv
a0.680_rx0.240_ry0.200_N20,0.68,0.24,0.2,20,0.0868461802646228,0.0868461802646228,135.9939242249484,True,1.2543227678678497,2.0,2d_a0.680_rx0.240_ry0.200_N20.csv
a0.680_rx0.240_ry0.240_N12,0.68,0.24,0.24,12,0.247390404692321,0.247390404692321,160.5623518455809,True,0.5547779018297965,1.6,2d_a0.680_rx0.240_ry0.240_N12.csv
a0.680_rx0.240_ry0.240_N16,0.68,0.24,0.24,16,0.1591960674370632,0.1591960674370632,160.5623518455809,True,0.4103228864875793,1.8,2d_a0.680_rx0.240_ry0.240_N16.csv
a0.680_rx0.240_ry0.240_N20,0.68,0.24,0.24,20,0.10487743934063543,0.10487743934063543,136.59168881617438,True,1.3689368642115767,2.0,2d_a0.680_rx0.240_ry0.240_N20.csv
a0.680_rx0.240_ry0.280_N12,0.68,0.24,0.28,12,0.30820670469532246,0.30820670469532246,160.5623518455809,True,0.8056387871091094,1.6,2d_a0.680_rx0.240_ry0.280_N12.csv
a0.680_rx0.240_ry0.280_N16,0.68,0.24,0.28,16,0.2232794205942174,0.2232794205942174,160.5623518455809,True,0.5545882456394711,1.8,2d_a0.680_rx0.240_ry0.280_N16.csv
a0.680_rx0.240_ry0.280_N20,0.68,0.24,0.28,20,0.16550843939093302,0.16550843939093302,137.7885456268134,True,1.3671047353490349,2.0,2d_a0.680_rx0.240_ry0.280_N20.csv
a0.680_rx0.240_ry0.320_N12,0.68,0.24,0.32,12,0.39933730174268783,0.39933730174268783,155.34427420292423,True,1.2237710368385726,1.5,2d_a0.680_rx0.240_ry0.320_N12.csv
a0.680_rx0.240_ry0.320_N16,0.68,0.24,0.32,16,0.34331695156831776,0.34331695156831776,160.5623518455809,True,0.6547461543580301,1.8,2d_a0.680_rx0.240_ry0.320_N16.csv
a0.680_rx0.240_ry0.320_N20,0.68,0.24,0.32,20,0.27974718831780454,0.27974718831780454,160.5623518455809,True,0.8696321298421313,2.0,2d_a0.680_rx0.240_ry0.320_N20.csv
a0.680_rx0.240_ry0.360_N12,0.68,0.24,0.36,12,0.4241793353184001,0.4241793353184001,157.7956992317529,True,1.1832174647087665,1.5,2d_a0.680_rx0.240_ry0.360_N12.csv
a0.680_rx0.240_ry0.360_N16,0.68,0.24,0.36,16,0.43637596583044547,0.43637596583044547,160.5623518455809,True,0.546410892035504,1.8,2d_a0.680_rx0.240_ry0.360_N16.csv
a0.680_rx0.240_ry0.360_N20,0.68,0.24,0.36,20,0.37719197168602514,0.37719197168602514,142.29258569858735,True,1.2127741274102697,2.0,2d_a0.680_rx0.240_ry0.360_N20.csv
a0.680_rx0.240_ry0.400_N12,0.68,0.24,0.4,12,0.44190607188707676,0.44190607188707676,160.5623518455809,True,0.8208286472777895,1.5,2d_a0.680_rx0.240_ry0.400_N12.csv
a0.680_rx0.240_ry0.400_N16,0.68,0.24,0.4,16,0.438718946166927,0.438718946166927,160.5623518455809,True,0.6675278411844515,1.8,2d_a0.680_rx0.240_ry0.400_N16.csv
a0.680_rx0.240_ry0.400_N20,0.68,0.24,0.4,20,0.11636432538774406,0.11636432538774406,155.03836194659084,True,1.1242896502051711,2.0,2d_a0.680_rx0.240_ry0.400_N20.csv
a0.680_rx0.240_ry0.440_N12,0.68,0.24,0.44,12,0.31040584308796665,0.31040584308796665,160.5623518455809,True,0.533237632351139,1.5,2d_a0.680_rx0.240_ry0.440_N12.csv
a0.680_rx0.240_ry0.440_N16,0.68,0.24,0.44,16,0.2842764277194059,0.2842764277194059,160.5623518455809,True,0.6375089752046845,1.8,2d_a0.680_rx0.240_ry0.440_N16.csv
a0.680_rx0.240_ry0.440_N20,0.68,0.24,0.44,20,0.1270196998265045,0.1270196998265045,160.5623518455809,True,0.9726626715484676,2.0,2d_a0.680_rx0.240_ry0.440_N20.csv
a0.700_rx0.200_ry0.200_N12,0.7,0.2,0.2,12,0.2255045490639842,0.2255045490639842,160.5623518455809,True,1.6630583541286916,1.5,2d_a0.700_rx0.200_ry0.200_N12.csv
a0.700_rx0.200_ry0.200_N16,0.7,0.2,0.2,16,0.03543891364111109,0.03543891364111109,160.5623518455809,True,1.6264292471708048,1.8,2d_a0.700_rx0.200_ry0.200_N16.csv
a0.700_rx0.200_ry0.200_N20,0.7,0.2,0.2,20,0.039770770958829374,0.039770770958829374,130.9307171238704,True,31.54955138834478,2.0,2d_a0.700_rx0.200_ry0.200_N20.csv
a0.700_rx0.200_ry0.240_N12,0.7,0.2,0.24,12,0.2594757768536911,0.2594757768536911,160.5623518455809,True,1.0638053852320741,1.6,2d_a0.700_rx0.200_ry0.240_N12.csv
a0.700_rx0.200_ry0.240_N16,0.7,0.2,0.24,16,0.14703168061492033,0.14703168061492033,160.5623518455809,True,0.9441182611989575,1.8,2d_a0.700_rx0.200_ry0.240_N16.csv
a0.700_rx0.200_ry0.240_N20,0.7,0.2,0.24,20,0.054406255867481566,0.054406255867481566,134.50144493756443,True,20.210850231736195,2.0,2d_a0.700_rx0.200_ry0.240_N20.csv
a0.700_rx0.200_ry0.280_N12,0.7,0.2,0.28,12,0.3386506719030066,0.3386506719030066,160.5623518455809,True,0.9326565382769898,1.6,2d_a0.700_rx0.200_ry0.280_N12.csv
a0.700_rx0.200_ry0.280_N16,0.7,0.2,0.28,16,0.22983396536243775,0.22983396536243775,160.5623518455809,True,0.9381289652268431,1.8,2d_a0.700_rx0.200_ry0.280_N16.csv
a0.700_rx0.200_ry0.280_N20,0.7,0.2,0.28,20,0.10892482669199217,0.10892482669199217,134.50144493756443,True,16.517945199417802,2.0,2d_a0.700_rx0.200_ry0.280_N20.csv
a0.700_rx0.200_ry0.320_N12,0.7,0.2,0.32,12,0.4238732348965951,0.4238732348965951,160.5623518455809,True,0.556942425215486,1.6,2d_a0.700_rx0.200_ry0.320_N12.csv
a0.700_rx0.200_ry0.320_N16,0.7,0.2,0.32,16,0.37051764345964067,0.37051764345964067,160.5623518455809,True,0.5405529385388287,1.8,2d_a0.700_rx0.200_ry0.320_N16.csv
a0.700_rx0.200_ry0.320_N20,0.7,0.2,0.32,20,0.1174655349845422,0.1174655349845422,136.8907369732167,True,18.205358104433813,2.0,2d_a0.700_rx0.200_ry0.320_N20.csv
a0.700_rx0.200_ry0.360_N12,0.7,0.2,0.36,12,0.46257648544405305,0.46257648544405305,160.5623518455809,True,0.5885999666148465,1.5,2d_a0.700_rx0.200_ry0.360_N12.csv
a0.700_rx0.200_ry0.360_N16,0.7,0.2,0.36,16,0.5015902074199977,0.5015902074199977,160.5623518455809,True,0.6485834092804147,1.8,2d_a0.700_rx0.200_ry0.360_N16.csv
a0.700_rx0.200_ry0.360_N20,0.7,0.2,0.36,20,0.09790580500715793,0.09790580500715793,142.5937468706411,True,19.40727383130258,2.0,2d_a0.700_rx0.200_ry0.360_N20.csv
a0.700_rx0.200_ry0.400_N12,0.7,0.2,0.4,12,0.5133518559683262,0.5133518559683262,160.5623518455809,True,0.8169419019297203,1.6,2d_a0.700_rx0.200_ry0.400_N12.csv
a0.700_rx0.200_ry0.400_N16,0.7,0.2,0.4,16,0.497639045571022,0.497639045571022,160.5623518455809,True,0.8109964637139451,1.8,2d_a0.700_rx0.200_ry0.400_N16.csv
a0.700_rx0.200_ry0.400_N20,0.7,0.2,0.4,20,0.4821258103405022,0.4821258103405022,143.19640477037183,True,2.2458909594480474,2.0,2d_a0.700_rx0.200_ry0.400_N20.csv
a0.700_rx0.200_ry0.440_N12,0.7,0.2,0.44,12,0.3488979166553783,0.3488979166553783,153.51051574017993,True,1.2315921017389186,1.5,2d_a0.700_rx0.200_ry0.440_N12.csv
a0.700_rx0.200_ry0.440_N16,0.7,0.2,0.44,16,0.30442199300992046,0.30442199300992046,156.87555409277184,True,1.067937287207473,1.8,2d_a0.700_rx0.200_ry0.440_N16.csv
a0.700_rx0.200_ry0.440_N20,0.7,0.2,0.44,20,0.26796530926395,0.26796530926395,143.19640477037183,True,1.2445533077667068,2.0,2d_a0.700_rx0.200_ry0.440_N20.csv
a0.700_rx0.220_ry0.200_N12,0.7,0.22,0.2,12,0.21816535866409079,0.21816535866409079,160.5623518455809,True,1.0414366211524058,1.5,2d_a0.700_rx0.220_ry0.200_N12.csv
a0.700_rx0.220_ry0.200_N16,0.7,0.22,0.2,16,0.030003464460389494,0.030003464460389494,160.5623518455809,True,0.4749033065687009,1.8,2d_a0.700_rx0.220_ry0.200_N16.csv
a0.700_rx0.220_ry0.200_N20,0.7,0.22,0.2,20,0.05544550442256643,0.05544550442256643,132.71410461310825,True,19.39243771488945,2.0,2d_a0.700_rx0.220_ry0.200_N20.csv
a0.700_rx0.220_ry0.240_N12,0.7,0.22,0.24,12,0.2464274999851589,0.2464274999851589,160.5623518455809,True,0.7802726007343426,1.6,2d_a0.700_rx0.220_ry0.240_N12.csv
a0.700_rx0.220_ry0.240_N16,0.7,0.22,0.24,16,0.11765475606588086,0.11765475606588086,160.5623518455809,True,0.567852659541466,1.8,2d_a0.700_rx0.220_ry0.240_N16.csv
a0.700_rx0.220_ry0.240_N20,0.7,0.22,0.24,20,0.07760911202225466,0.07760911202225466,134.20327982341996,True,11.889803898370007,2.0,2d_a0.700_rx0.220_ry0.240_N20.csv
a0.700_rx0.220_ry0.280_N12,0.7,0.22,0.28,12,0.318853302467211,0.318853302467211,160.5623518455809,True,0.5380177981229314,1.6,2d_a0.700_rx0.220_ry0.280_N12.csv
a0.700_rx0.220_ry0.280_N16,0.7,0.22,0.28,16,0.17128536659185398,0.17128536659185398,160.5623518455809,True,0.45670134983738947,1.8,2d_a0.700_rx0.220_ry0.280_N16.csv
a0.700_rx0.220_ry0.280_N20,0.7,0.22,0.28,20,0.11558822942519767,0.11558822942519767,133.9052248145615,True,16.36682533023107,2.1,2d_a0.700_rx0.220_ry0.280_N20.csv
a0.700_rx0.220_ry0.320_N12,0.7,0.22,0.32,12,0.41319524343970165,0.41319524343970165,160.5623518455809,True,0.5397607950511012,1.6,2d_a0.700_rx0.220_ry0.320_N12.csv
a0.700_rx0.220_ry0.320_N16,0.7,0.22,0.32,16,0.35624801257348754,0.35624801257348754,160.5623518455809,True,0.53287717694394,1.8,2d_a0.700_rx0.220_ry0.320_N16.csv
a0.700_rx0.220_ry0.320_N20,0.7,0.22,0.32,20,0.13408691749300267,0.13408691749300267,139.28711101564363,True,14.058873343698291,2.1,2d_a0.700_rx0.220_ry0.320_N20.csv
a0.700_rx0.220_ry0.360_N12,0.7,0.22,0.36,12,0.4699708001647873,0.4699708001647873,160.5623518455809,True,0.8153539198329864,1.6,2d_a0.700_rx0.220_ry0.360_N12.csv
a0.700_rx0.220_ry0.360_N16,0.7,0.22,0.36,16,0.43915454693493733,0.43915454693493733,160.5623518455809,True,0.6581970802477961,1.8,2d_a0.700_rx0.220_ry0.360_N16.csv
a0.700_rx0.220_ry0.360_N20,0.7,0.22,0.36,20,0.20272338817492555,0.20272338817492555,143.49790162269824,True,6.280559021025591,2.1,2d_a0.700_rx0.220_ry0.360_N20.csv
a0.700_rx0.220_ry0.400_N12,0.7,0.22,0.4,12,0.48046535856051237,0.48046535856051237,158.71687940463585,True,0.9340845416712299,1.6,2d_a0.700_rx0.220_ry0.400_N12.csv
a0.700_rx0.220_ry0.400_N16,0.7,0.22,0.4,16,0.4663380408407996,0.4663380408407996,149.85530821328553,True,1.209858664065646,1.8,2d_a0.700_rx0.220_ry0.400_N16.csv
a0.700_rx0.220_ry0.400_N20,0.7,0.22,0.4,20,0.2780217332805142,0.2780217332805142,141.38977254674933,True,5.796360187727868,2.1,2d_a0.700_rx0.220_ry0.400_N20.csv
a0.700_rx0.220_ry0.440_N12,0.7,0.22,0.44,12,0.3033093716281762,0.3033093716281762,158.409704235459,True,1.023171511270401,1.6,2d_a0.700_rx0.220_ry0.440_N12.csv
a0.700_rx0.220_ry0.440_N16,0.7,0.22,0.44,16,0.26772452873501706,0.26772452873501706,160.5623518455809,True,0.6799879534001839,1.8,2d_a0.700_rx0.220_ry0.440_N16.csv
a0.700_rx0.220_ry0.440_N20,0.7,0.22,0.44,20,0.23618700270787524,0.23618700270787524,132.4165992169144,True,3.462497094933985,2.1,2d_a0.700_rx0.220_ry0.440_N20.csv
a0.700_rx0.240_ry0.200_N12,0.7,0.24,0.2,12,0.22244882645242578,0.22244882645242578,160.5623518455809,True,0.6990924479636722,1.6,2d_a0.700_rx0.240_ry0.200_N12.csv
a0.700_rx0.240_ry0.200_N16,0.7,0.24,0.2,16,0.06274340552480814,0.06274340552480814,160.5623518455809,True,0.3443656258285849,1.8,2d_a0.700_rx0.240_ry0.200_N16.csv
a0.700_rx0.240_ry0.200_N20,0.7,0.24,0.2,20,0.07730123862359872,0.07730123862359872,133.60727985001108,True,11.34498036933281,2.1,2d_a0.700_rx0.240_ry0.200_N20.csv
a0.700_rx0.240_ry0.240_N12,0.7,0.24,0.24,12,0.2445972324755723,0.2445972324755723,160.5623518455809,True,0.5925702427414826,1.6,2d_a0.700_rx0.240_ry0.240_N12.csv
a0.700_rx0.240_ry0.240_N16,0.7,0.24,0.24,16,0.13044354639488165,0.13044354639488165,160.5623518455809,True,0.3828461017549501,1.8,2d_a0.700_rx0.240_ry0.240_N16.csv
a0.700_rx0.240_ry0.240_N20,0.7,0.24,0.24,20,0.09117702092127031,0.09117702092127031,133.3094448688364,True,11.182017005145726,2.1,2d_a0.700_rx0.240_ry0.240_N20.csv
a0.700_rx0.240_ry0.280_N12,0.7,0.24,0.28,12,0.3080125659306298,0.3080125659306298,160.5623518455809,True,0.46531462498539866,1.6,2d_a0.700_rx0.240_ry0.280_N12.csv
a0.700_rx0.240_ry0.280_N16,0.7,0.24,0.28,16,0.21749018666750122,0.21749018666750122,160.5623518455809,True,0.446985944785125,1.8,2d_a0.700_rx0.240_ry0.280_N16.csv
a0.700_rx0.240_ry0.280_N20,0.7,0.24,0.28,20,0.14076709362876258,0.14076709362876258,134.50144493756443,True,12.156257758589648,2.1,2d_a0.700_rx0.240_ry0.280_N20.csv
a0.700_rx0.240_ry0.320_N12,0.7,0.24,0.32,12,0.3620146963788192,0.3620146963788192,160.5623518455809,True,0.5253431070994456,1.6,2d_a0.700_rx0.240_ry0.320_N12.csv
a0.700_rx0.240_ry0.320_N16,0.7,0.24,0.32,16,0.316648410677575,0.316648410677575,160.5623518455809,True,0.5240477127878327,1.8,2d_a0.700_rx0.240_ry0.320_N16.csv
a0.700_rx0.240_ry0.320_N20,0.7,0.24,0.32,20,0.2081761408699806,0.2081761408699806,141.08905807703468,True,8.71146961125114,2.1,2d_a0.700_rx0.240_ry0.320_N20.csv
a0.700_rx0.240_ry0.360_N12,0.7,0.24,0.36,12,0.4657717160915488,0.4657717160915488,158.1026441994038,True,1.000779212993529,1.6,2d_a0.700_rx0.240_ry0.360_N12.csv
a0.700_rx0.240_ry0.360_N16,0.7,0.24,0.36,16,0.4244272112966298,0.4244272112966298,160.5623518455809,True,0.8748752836789089,1.8,2d_a0.700_rx0.240_ry0.360_N16.csv
a0.700_rx0.240_ry0.360_N20,0.7,0.24,0.36,20,0.3085264779812411,0.3085264779812411,139.58715729305163,True,6.5504800914554675,2.1,2d_a0.700_rx0.240_ry0.360_N20.csv
a0.700_rx0.240_ry0.400_N12,0.7,0.24,0.4,12,0.4535925667548203,0.4535925667548203,155.03836194659084,True,1.2675198518445518,1.6,2d_a0.700_rx0.240_ry0.400_N12.csv
a0.700_rx0.240_ry0.400_N16,0.7,0.24,0.4,16,0.44505703431631793,0.44505703431631793,160.5623518455809,True,0.7269366555792699,1.8,2d_a0.700_rx0.240_ry0.400_N16.csv
a0.700_rx0.240_ry0.400_N20,0.7,0.24,0.4,20,0.19926309943781623,0.19926309943781623,143.79951049317492,True,3.0958587258834394,2.1,2d_a0.700_rx0.240_ry0.400_N20.csv
a0.700_rx0.240_ry0.440_N12,0.7,0.24,0.44,12,0.2937699772689116,0.2937699772689116,160.5623518455809,True,0.5255511339765455,1.6,2d_a0.700_rx0.240_ry0.440_N12.csv
a0.700_rx0.240_ry0.440_N16,0.7,0.24,0.44,16,0.2640583542982459,0.2640583542982459,160.5623518455809,True,0.571143177046103,1.8,2d_a0.700_rx0.240_ry0.440_N16.csv
a0.700_rx0.240_ry0.440_N20,0.7,0.24,0.44,20,0.2366770444730178,0.2366770444730178,130.3371307696782,True,4.3225616911001845,2.1,2d_a0.700_rx0.240_ry0.440_N20.csv
a0.720_rx0.200_ry0.200_N12,0.72,0.2,0.2,12,0.20816593345002418,0.20816593345002418,160.5623518455809,True,0.6958495233558393,1.6,2d_a0.720_rx0.200_ry0.200_N12.csv
a0.720_rx0.200_ry0.200_N16,0.72,0.2,0.2,16,0.07145525446042354,0.07145525446042354,138.0880367770876,True,3.6385408606321152,1.8,2d_a0.720_rx0.200_ry0.200_N16.csv
a0.720_rx0.200_ry0.200_N20,0.72,0.2,0.2,20,0.022372402184719125,0.022372402184719125,137.7885456268134,True,7.846305880711951,2.1,2d_a0.720_rx0.200_ry0.200_N20.csv
a0.720_rx0.200_ry0.240_N12,0.72,0.2,0.24,12,0.1608770309525374,0.1608770309525374,160.5623518455809,True,0.9248589367083498,1.6,2d_a0.720_rx0.200_ry0.240_N12.csv
a0.720_rx0.200_ry0.240_N16,0.72,0.2,0.24,16,0.11299750955041697,0.11299750955041697,138.98717588706995,True,5.413328974208736,1.8,2d_a0.720_rx0.200_ry0.240_N16.csv
a0.720_rx0.200_ry0.240_N20,0.72,0.2,0.24,20,0.013407320487083929,0.013407320487083929,134.20327982341996,True,14.8304640910019,2.1,2d_a0.720_rx0.200_ry0.240_N20.csv
a0.720_rx0.200_ry0.280_N12,0.72,0.2,0.28,12,0.03113370829984217,0.03113370829984217,160.5623518455809,True,0.8126431672364163,1.6,2d_a0.720_rx0.200_ry0.280_N12.csv
a0.720_rx0.200_ry0.280_N16,0.72,0.2,0.28,16,0.1569990142823109,0.1569990142823109,132.4165992169144,True,4.2310871451095675,1.8,2d_a0.720_rx0.200_ry0.280_N16.csv
a0.720_rx0.200_ry0.280_N20,0.72,0.2,0.28,20,0.12273379715622028,0.12273379715622028,134.20327982341996,True,15.194032112846052,2.1,2d_a0.720_rx0.200_ry0.280_N20.csv
a0.720_rx0.200_ry0.320_N12,0.72,0.2,0.32,12,0.07100465233813975,0.07100465233813975,160.5623518455809,True,1.7065199429334672,1.6,2d_a0.720_rx0.200_ry0.320_N12.csv
a0.720_rx0.200_ry0.320_N16,0.72,0.2,0.32,16,0.30555019633302666,0.30555019633302666,138.68735184558068,True,6.66828794095047,1.8,2d_a0.720_rx0.200_ry0.320_N16.csv
a0.720_rx0.200_ry0.320_N20,0.72,0.2,0.32,20,0.07667998662003496,0.07667998662003496,137.48916531708323,True,26.43597481317375,2.1,2d_a0.720_rx0.200_ry0.320_N20.csv
a0.720_rx0.200_ry0.360_N12,0.72,0.2,0.36,12,0.4347024074045159,0.4347024074045159,160.5623518455809,True,1.723555111713027,1.6,2d_a0.720_rx0.200_ry0.360_N12.csv
a0.720_rx0.200_ry0.360_N16,0.72,0.2,0.36,16,0.49331940937641483,0.49331940937641483,138.0880367770876,True,2.5243459336870684,1.8,2d_a0.720_rx0.200_ry0.360_N16.csv
a0.720_rx0.200_ry0.360_N20,0.72,0.2,0.36,20,0.444600028231044,0.444600028231044,133.3094448688364,True,17.26678938118798,2.1,2d_a0.720_rx0.200_ry0.360_N20.csv
a0.720_rx0.200_ry0.400_N12,0.72,0.2,0.4,12,0.5083959542402581,0.5083959542402581,160.5623518455809,True,0.9474287059360305,1.6,2d_a0.720_rx0.200_ry0.400_N12.csv
a0.720_rx0.200_ry0.400_N16,0.72,0.2,0.4,16,0.49104158648871515,0.49104158648871515,156.56906875252707,True,1.0391697024325497,1.8,2d_a0.720_rx0.200_ry0.400_N16.csv
a0.720_rx0.200_ry0.400_N20,0.72,0.2,0.4,20,0.4655073906917831,0.4655073906917831,132.71410461310825,True,20.184079015618376,2.1,2d_a0.720_rx0.200_ry0.400_N20.csv
a0.720_rx0.200_ry0.440_N12,0.72,0.2,0.44,12,0.35500020121538534,0.35500020121538534,160.5623518455809,True,0.7691317783636757,1.6,2d_a0.720_rx0.200_ry0.440_N12.csv
a0.720_rx0.200_ry0.440_N16,0.72,0.2,0.44,16,0.3148256139752488,0.3148256139752488,160.5623518455809,True,0.5504441735593185,1.8,2d_a0.720_rx0.200_ry0.440_N16.csv
a0.720_rx0.200_ry0.440_N20,0.72,0.2,0.44,20,0.27681759068483563,0.27681759068483563,135.39660152216538,True,3.2578428012258165,2.1,2d_a0.720_rx0.200_ry0.440_N20.csv
a0.720_rx0.220_ry0.200_N12,0.72,0.22,0.2,12,0.04324795003355284,0.04324795003355284,160.5623518455809,True,0.8695759643332986,1.6,2d_a0.720_rx0.220_ry0.200_N12.csv
a0.720_rx0.220_ry0.200_N16,0.72,0.22,0.2,16,0.10790114936698554,0.10790114936698554,150.46337311027014,True,3.5737662119595486,1.8,2d_a0.720_rx0.220_ry0.200_N16.csv
a0.720_rx0.220_ry0.200_N20,0.72,0.22,0.2,20,0.018082718834527892,0.018082718834527892,135.69520766813162,True,7.692422691776357,2.2,2d_a0.720_rx0.220_ry0.200_N20.csv
a0.720_rx0.220_ry0.240_N12,0.72,0.22,0.24,12,0.0849301269464874,0.0849301269464874,160.5623518455809,True,0.8313431873394291,1.6,2d_a0.720_rx0.220_ry0.240_N12.csv
a0.720_rx0.220_ry0.240_N16,0.72,0.22,0.24,16,0.11965296619087051,0.11965296619087051,137.48916531708323,True,2.055166206148729,1.9,2d_a0.720_rx0.220_ry0.240_N16.csv
a0.720_rx0.220_ry0.240_N20,0.72,0.22,0.24,20,0.004384529341803554,0.004384529341803554,135.09810572584684,True,11.504646265108256,2.1,2d_a0.720_rx0.220_ry0.240_N20.csv
a0.720_rx0.220_ry0.280_N12,0.72,0.22,0.28,12,0.08272833254602795,0.08272833254602795,160.5623518455809,True,1.2573162718193194,1.6,2d_a0.720_rx0.220_ry0.280_N12.csv
a0.720_rx0.220_ry0.280_N16,0.72,0.22,0.28,16,0.19124030798185152,0.19124030798185152,141.9915362953859,True,3.9585830715286128,1.9,2d_a0.720_rx0.220_ry0.280_N16.csv
a0.720_rx0.220_ry0.280_N20,0.72,0.22,0.28,20,0.032276001880802783,0.032276001880802783,138.0880367770876,True,10.227334768593693,2.1,2d_a0.720_rx0.220_ry0.280_N20.csv
a0.720_rx0.220_ry0.320_N12,0.72,0.22,0.32,12,0.31426800757328527,0.31426800757328527,160.5623518455809,True,2.074009892026643,1.6,2d_a0.720_rx0.220_ry0.320_N12.csv
a0.720_rx0.220_ry0.320_N16,0.72,0.22,0.32,16,0.34543924676294174,0.34543924676294174,160.5623518455809,True,3.122282012657842,1.8,2d_a0.720_rx0.220_ry0.320_N16.csv
a0.720_rx0.220_ry0.320_N20,0.72,0.22,0.32,20,0.01901717745764393,0.01901717745764393,136.59168881617438,True,11.004839960160295,2.1,2d_a0.720_rx0.220_ry0.320_N20.csv
a0.720_rx0.220_ry0.360_N12,0.72,0.22,0.36,12,0.4518477826113449,0.4518477826113449,160.5623518455809,True,1.0159457417955315,1.6,2d_a0.720_rx0.220_ry0.360_N12.csv
a0.720_rx0.220_ry0.360_N16,0.72,0.22,0.36,16,0.48292052273482033,0.48292052273482033,160.5623518455809,True,0.9933610883217909,1.8,2d_a0.720_rx0.220_ry0.360_N16.csv
a0.720_rx0.220_ry0.360_N20,0.72,0.22,0.36,20,0.44146485463611085,0.44146485463611085,137.18989578637616,True,17.08209740164883,2.1,2d_a0.720_rx0.220_ry0.360_N20.csv
a0.720_rx0.220_ry0.400_N12,0.72,0.22,0.4,12,0.47760915528653125,0.47760915528653125,154.42688064139224,True,1.1194793432607986,1.6,2d_a0.720_rx0.220_ry0.400_N12.csv
a0.720_rx0.220_ry0.400_N16,0.72,0.22,0.4,16,0.45652962927703383,0.45652962927703383,160.25448451587545,True,0.9001862232290384,1.8,2d_a0.720_rx0.220_ry0.400_N16.csv
a0.720_rx0.220_ry0.400_N20,0.72,0.22,0.4,20,0.4169024262318117,0.4169024262318117,140.7884551276129,True,3.7250956086011935,2.1,2d_a0.720_rx0.220_ry0.400_N20.csv
a0.720_rx0.220_ry0.440_N12,0.72,0.22,0.44,12,0.31130119523696254,0.31130119523696254,151.07189187170502,True,1.5583991099323717,1.6,2d_a0.720_rx0.220_ry0.440_N12.csv
a0.720_rx0.220_ry0.440_N16,0.72,0.22,0.44,16,0.26713816003263774,0.26713816003263774,160.5623518455809,True,0.653391260182092,1.8,2d_a0.720_rx0.220_ry0.440_N16.csv
a0.720_rx0.220_ry0.440_N20,0.72,0.22,0.44,20,0.2407343933646314,0.2407343933646314,129.15126937135415,True,3.621207774783408,2.1,2d_a0.720_rx0.220_ry0.440_N20.csv
a0.720_rx0.240_ry0.200_N12,0.72,0.24,0.2,12,0.18183983338850035,0.18183983338850035,160.5623518455809,True,0.8063585019422785,1.6,2d_a0.720_rx0.240_ry0.200_N12.csv
a0.720_rx0.240_ry0.200_N16,0.72,0.24,0.2,16,0.11923024062626363,0.11923024062626363,160.5623518455809,True,1.668748108890276,1.8,2d_a0.720_rx0.240_ry0.200_N16.csv
a0.720_rx0.240_ry0.200_N20,0.72,0.24,0.2,20,0.03678514068895384,0.03678514068895384,133.9052248145615,True,9.89223527993282,2.2,2d_a0.720_rx0.240_ry0.200_N20.csv
a0.720_rx0.240_ry0.240_N12,0.72,0.24,0.24,12,0.139808578306936,0.139808578306936,160.5623518455809,True,0.8595598271478335,1.6,2d_a0.720_rx0.240_ry0.240_N12.csv
a0.720_rx0.240_ry0.240_N16,0.72,0.24,0.24,16,0.13693931173163865,0.13693931173163865,160.5623518455809,True,1.625970672155183,1.9,2d_a0.720_rx0.240_ry0.240_N16.csv
a0.720_rx0.240_ry0.240_N20,0.72,0.24,0.24,20,0.05028865213992168,0.05028865213992168,136.8907369732167,True,5.104407076480802,2.1,2d_a0.720_rx0.240_ry0.240_N20.csv
a0.720_rx0.240_ry0.280_N12,0.72,0.24,0.28,12,0.21617924062624277,0.21617924062624277,160.5623518455809,True,1.7175069513155787,1.6,2d_a0.720_rx0.240_ry0.280_N12.csv
a0.720_rx0.240_ry0.280_N16,0.72,0.24,0.28,16,0.21254936450735165,0.21254936450735165,160.5623518455809,True,2.4289295272257516,1.9,2d_a0.720_rx0.240_ry0.280_N16.csv
a0.720_rx0.240_ry0.280_N20,0.72,0.24,0.28,20,0.07815426857957608,0.07815426857957608,135.69520766813162,True,7.0824952258537515,2.1,2d_a0.720_rx0.240_ry0.280_N20.csv
a0.720_rx0.240_ry0.320_N12,0.72,0.24,0.32,12,0.38843965656949825,0.38843965656949825,160.5623518455809,True,1.2893085514541998,1.6,2d_a0.720_rx0.240_ry0.320_N12.csv
a0.720_rx0.240_ry0.320_N16,0.72,0.24,0.32,16,0.3468081793134984,0.3468081793134984,160.5623518455809,True,0.9419703674689875,1.9,2d_a0.720_rx0.240_ry0.320_N16.csv
a0.720_rx0.240_ry0.320_N20,0.72,0.24,0.32,20,0.027621675088832023,0.027621675088832023,139.28711101564363,True,4.712447260551626,2.1,2d_a0.720_rx0.240_ry0.320_N20.csv
a0.720_rx0.240_ry0.360_N12,0.72,0.24,0.36,12,0.46220714139875946,0.46220714139875946,156.56906875252707,True,1.0767000945535419,1.6,2d_a0.720_rx0.240_ry0.360_N12.csv
a0.720_rx0.240_ry0.360_N16,0.72,0.24,0.36,16,0.4421767118278637,0.4421767118278637,160.5623518455809,True,0.8584577160218875,1.9,2d_a0.720_rx0.240_ry0.360_N16.csv
a0.720_rx0.240_ry0.360_N20,0.72,0.24,0.36,20,0.3130110495560941,0.3130110495560941,141.6905985988276,True,7.542358727664161,2.1,2d_a0.720_rx0.240_ry0.360_N20.csv
a0.720_rx0.240_ry0.400_N12,0.72,0.24,0.4,12,0.45524598473304784,0.45524598473304784,158.409704235459,True,0.987172654863504,1.6,2d_a0.720_rx0.240_ry0.400_N12.csv
a0.720_rx0.240_ry0.400_N16,0.72,0.24,0.4,16,0.4303203137026123,0.4303203137026123,158.71687940463585,True,0.9446757647911185,1.8,2d_a0.720_rx0.240_ry0.400_N16.csv
a0.720_rx0.240_ry0.400_N20,0.72,0.24,0.4,20,0.3475956524678664,0.3475956524678664,140.7884551276129,True,2.2653995367401496,2.1,2d_a0.720_rx0.240_ry0.400_N20.csv
a0.720_rx0.240_ry0.440_N12,0.72,0.24,0.44,12,0.2929673115093045,0.2929673115093045,160.5623518455809,True,0.8714686235809007,1.6,2d_a0.720_rx0.240_ry0.440_N12.csv
a0.720_rx0.240_ry0.440_N16,0.72,0.24,0.44,16,0.2530947669580998,0.2530947669580998,160.5623518455809,True,0.5876842486806101,1.8,2d_a0.720_rx0.240_ry0.440_N16.csv
a0.720_rx0.240_ry0.440_N20,0.72,0.24,0.44,20,0.22837505464776411,0.22837505464776411,127.67139635542094,True,4.426516920212365,2.1,2d_a0.720_rx0.240_ry0.440_N20.csv
a0.740_rx0.200_ry0.200_N12,0.74,0.2,0.2,12,0.16021197893275238,0.16021197893275238,151.07189187170502,True,1.6112193683701066,1.6,2d_a0.740_rx0.200_ry0.200_N12.csv
a0.740_rx0.200_ry0.200_N16,0.74,0.2,0.2,16,0.009519173257774243,0.009519173257774243,154.73256411414263,True,1.7551435271686155,1.9,2d_a0.740_rx0.200_ry0.200_N16.csv
a0.740_rx0.200_ry0.200_N20,0.74,0.2,0.2,20,0.0630690513921054,0.0630690513921054,132.11920356081487,True,4.9570251539995684,2.2,2d_a0.740_rx0.200_ry0.200_N20.csv
a0.740_rx0.200_ry0.240_N12,0.74,0.2,0.24,12,0.14252585522397151,0.14252585522397151,144.40306453838866,True,2.9109906426747663,1.6,2d_a0.740_rx0.200_ry0.240_N12.csv
a0.740_rx0.200_ry0.240_N16,0.74,0.2,0.24,16,0.04636560766621186,0.04636560766621186,145.61151959711515,True,4.710455490900837,1.9,2d_a0.740_rx0.200_ry0.240_N16.csv
a0.740_rx0.200_ry0.240_N20,0.74,0.2,0.24,20,0.05849751126856782,0.05849751126856782,124.13078183273456,True,4.141489319585941,2.2,2d_a0.740_rx0.200_ry0.240_N20.csv
a0.740_rx0.200_ry0.280_N12,0.74,0.2,0.28,12,0.14479572991848433,0.14479572991848433,141.9915362953859,True,3.31000210335374,1.6,2d_a0.740_rx0.200_ry0.280_N12.csv
a0.740_rx0.200_ry0.280_N16,0.74,0.2,0.28,16,0.02215076489764656,0.02215076489764656,148.03383163697572,True,7.6227980809692495,1.9,2d_a0.740_rx0.200_ry0.280_N16.csv
a0.740_rx0.200_ry0.280_N20,0.74,0.2,0.28,20,0.07353451776952429,0.07353451776952429,122.36631609855976,True,9.451431887649393,2.2,2d_a0.740_rx0.200_ry0.280_N20.csv
a0.740_rx0.200_ry0.320_N12,0.74,0.2,0.32,12,0.1709549826798808,0.1709549826798808,135.39660152216538,True,3.0452258663012985,1.6,2d_a0.740_rx0.200_ry0.320_N12.csv
a0.740_rx0.200_ry0.320_N16,0.74,0.2,0.32,16,0.008331904491283352,0.008331904491283352,140.1875835415956,True,8.905050229391032,1.9,2d_a0.740_rx0.200_ry0.320_N16.csv
a0.740_rx0.200_ry0.320_N20,0.74,0.2,0.32,20,0.109900657571638,0.109900657571638,103.78406320633462,True,12.954932742715924,2.1,2d_a0.740_rx0.200_ry0.320_N20.csv
a0.740_rx0.200_ry0.360_N12,0.74,0.2,0.36,12,0.2380930049124858,0.2380930049124858,126.7847783161692,True,4.387532982958212,1.6,2d_a0.740_rx0.200_ry0.360_N12.csv
a0.740_rx0.200_ry0.360_N16,0.74,0.2,0.36,16,0.03749620134116377,0.03749620134116377,143.49790162269824,True,10.33990346814392,1.9,2d_a0.740_rx0.200_ry0.360_N16.csv
a0.740_rx0.200_ry0.360_N20,0.74,0.2,0.36,20,0.19722244008608003,0.19722244008608003,98.35013624428075,True,18.201715965287924,2.1,2d_a0.740_rx0.200_ry0.360_N20.csv
a0.740_rx0.200_ry0.400_N12,0.74,0.2,0.4,12,0.3194911327195294,0.3194911327195294,127.9671531700842,True,1.5224855005904372,1.6,2d_a0.740_rx0.200_ry0.400_N12.csv
a0.740_rx0.200_ry0.400_N16,0.74,0.2,0.4,16,0.24633736775953213,0.24633736775953213,138.0880367770876,True,6.001330787949819,1.9,2d_a0.740_rx0.200_ry0.400_N16.csv
a0.740_rx0.200_ry0.400_N20,0.74,0.2,0.4,20,0.230126162781036,0.230126162781036,89.84575701799463,True,13.541661398160128,2.1,2d_a0.740_rx0.200_ry0.400_N20.csv
a0.740_rx0.200_ry0.440_N12,0.74,0.2,0.44,12,0.04953451528542788,0.04953451528542788,160.5623518455809,True,1.1612960736085876,1.6,2d_a0.740_rx0.200_ry0.440_N12.csv
a0.740_rx0.200_ry0.440_N16,0.74,0.2,0.44,16,0.25613693030591855,0.25613693030591855,146.2164216130227,True,3.8372574903827155,1.9,2d_a0.740_rx0.200_ry0.440_N16.csv
a0.740_rx0.200_ry0.440_N20,0.74,0.2,0.44,20,0.20851934354992896,0.20851934354992896,119.43414964978956,True,8.075277398674775,2.1,2d_a0.740_rx0.200_ry0.440_N20.csv
a0.740_rx0.220_ry0.200_N12,0.74,0.22,0.2,12,0.18857698816795018,0.18857698816795018,147.12461915756876,True,1.7080756403904773,1.6,2d_a0.740_rx0.220_ry0.200_N12.csv
a0.740_rx0.220_ry0.200_N16,0.74,0.22,0.2,16,0.010274408626096429,0.010274408626096429,148.94406075351958,True,2.568106961782424,1.9,2d_a0.740_rx0.220_ry0.200_N16.csv
a0.740_rx0.220_ry0.200_N20,0.74,0.22,0.2,20,0.08130432548744398,0.08130432548744398,140.1875835415956,True,2.1595777479345246,2.2,2d_a0.740_rx0.220_ry0.200_N20.csv
a0.740_rx0.220_ry0.240_N12,0.74,0.22,0.24,12,0.18753606476220303,0.18753606476220303,145.30923730485938,True,1.9299968489141304,1.6,2d_a0.740_rx0.220_ry0.240_N12.csv
a0.740_rx0.220_ry0.240_N16,0.74,0.22,0.24,16,0.020807223160289032,0.020807223160289032,149.55144580531237,True,3.44983691814805,1.9,2d_a0.740_rx0.220_ry0.240_N16.csv
a0.740_rx0.220_ry0.240_N20,0.74,0.22,0.24,20,0.09330461349730874,0.09330461349730874,138.0880367770876,True,3.4643106386530227,2.2,2d_a0.740_rx0.220_ry0.240_N20.csv
a0.740_rx0.220_ry0.280_N12,0.74,0.22,0.28,12,0.22168734913656254,0.22168734913656254,145.00706740609394,True,1.3227758658175928,1.6,2d_a0.740_rx0.220_ry0.280_N12.csv
a0.740_rx0.220_ry0.280_N16,0.74,0.22,0.28,16,0.04180279203417541,0.04180279203417541,141.6905985988276,True,4.541349829446757,1.9,2d_a0.740_rx0.220_ry0.280_N16.csv
a0.740_rx0.220_ry0.280_N20,0.74,0.22,0.28,20,0.12829829533699777,0.12829829533699777,128.26301881890208,True,3.483845763950742,2.1,2d_a0.740_rx0.220_ry0.280_N20.csv
a0.740_rx0.220_ry0.320_N12,0.74,0.22,0.32,12,0.2898345921653836,0.2898345921653836,132.11920356081487,True,2.224292228085396,1.6,2d_a0.740_rx0.220_ry0.320_N12.csv
a0.740_rx0.220_ry0.320_N16,0.74,0.22,0.32,16,0.05091924703982138,0.05091924703982138,141.38977254674933,True,7.1291600961328525,1.9,2d_a0.740_rx0.220_ry0.320_N16.csv
a0.740_rx0.220_ry0.320_N20,0.74,0.22,0.32,20,0.22138437368983502,0.22138437368983502,120.89889030711947,True,8.831011891083557,2.1,2d_a0.740_rx0.220_ry0.320_N20.csv
a0.740_rx0.220_ry0.360_N12,0.74,0.22,0.36,12,0.3857113697335808,0.3857113697335808,140.48796363645943,True,1.003297288078869,1.6,2d_a0.740_rx0.220_ry0.360_N12.csv
a0.740_rx0.220_ry0.360_N16,0.74,0.22,0.36,16,0.2838363276159807,0.2838363276159807,137.7885456268134,True,6.5218258384585255,1.9,2d_a0.740_rx0.220_ry0.360_N16.csv
a0.740_rx0.220_ry0.360_N20,0.74,0.22,0.36,20,0.30458480314782316,0.30458480314782316,105.79547956691613,True,8.844677923074194,2.2,2d_a0.740_rx0.220_ry0.360_N20.csv
a0.740_rx0.220_ry0.400_N12,0.74,0.22,0.4,12,0.07725772510760134,0.07725772510760134,160.5623518455809,True,0.7959541336528297,1.6,2d_a0.740_rx0.220_ry0.400_N12.csv
a0.740_rx0.220_ry0.400_N16,0.74,0.22,0.4,16,0.3674597297931723,0.3674597297931723,141.38977254674933,True,4.365203033124797,1.9,2d_a0.740_rx0.220_ry0.400_N16.csv
a0.740_rx0.220_ry0.400_N20,0.74,0.22,0.4,20,0.3475179882361647,0.3475179882361647,117.0961313083983,True,12.627230977359991,2.1,2d_a0.740_rx0.220_ry0.400_N20.csv
a0.740_rx0.220_ry0.440_N12,0.74,0.22,0.44,12,0.32038546985343436,0.32038546985343436,157.48886926783644,True,1.1546719247852466,1.6,2d_a0.740_rx0.220_ry0.440_N12.csv
a0.740_rx0.220_ry0.440_N16,0.74,0.22,0.44,16,0.2682451652589108,0.2682451652589108,160.5623518455809,True,0.7860749015311868,1.9,2d_a0.740_rx0.220_ry0.440_N16.csv
a0.740_rx0.220_ry0.440_N20,0.74,0.22,0.44,20,0.22065061663213414,0.22065061663213414,127.67139635542094,True,2.915185424486014,2.2,2d_a0.740_rx0.220_ry0.440_N20.csv
a0.740_rx0.240_ry0.200_N12,0.74,0.24,0.2,12,0.2114940269044598,0.2114940269044598,151.07189187170502,True,1.1643800123270414,1.6,2d_a0.740_rx0.240_ry0.200_N12.csv
a0.740_rx0.240_ry0.200_N16,0.74,0.24,0.2,16,0.055957109206283745,0.055957109206283745,150.1592839604632,True,1.8800546119301809,1.9,2d_a0.740_rx0.240_ry0.200_N16.csv
a0.740_rx0.240_ry0.200_N20,0.74,0.24,0.2,20,0.10035580156619847,0.10035580156619847,160.5623518455809,True,1.0935950068274085,2.2,2d_a0.740_rx0.240_ry0.200_N20.csv
a0.740_rx0.240_ry0.240_N12,0.74,0.24,0.24,12,0.22826728689830192,0.22826728689830192,160.5623518455809,True,0.6319042775913103,1.6,2d_a0.740_rx0.240_ry0.240_N12.csv
a0.740_rx0.240_ry0.240_N16,0.74,0.24,0.24,16,0.08943849640470572,0.08943849640470572,147.73064793496633,True,2.30946112869563,1.9,2d_a0.740_rx0.240_ry0.240_N16.csv
a0.740_rx0.240_ry0.240_N20,0.74,0.24,0.24,20,0.09823403619170598,0.09823403619170598,160.5623518455809,True,1.8672349560855628,2.2,2d_a0.740_rx0.240_ry0.240_N20.csv
a0.740_rx0.240_ry0.280_N12,0.74,0.24,0.28,12,0.2788899848986864,0.2788899848986864,160.5623518455809,True,0.7234492294280398,1.6,2d_a0.740_rx0.240_ry0.280_N12.csv
a0.740_rx0.240_ry0.280_N16,0.74,0.24,0.28,16,0.08892415267909957,0.08892415267909957,140.48796363645943,True,3.958061705951191,1.9,2d_a0.740_rx0.240_ry0.280_N16.csv
a0.740_rx0.240_ry0.280_N20,0.74,0.24,0.28,20,0.17831483751692045,0.17831483751692045,137.18989578637616,True,1.351859188283435,2.2,2d_a0.740_rx0.240_ry0.280_N20.csv
a0.740_rx0.240_ry0.320_N12,0.74,0.24,0.32,12,0.38014927495624057,0.38014927495624057,160.5623518455809,True,0.9739632940455442,1.6,2d_a0.740_rx0.240_ry0.320_N12.csv
a0.740_rx0.240_ry0.320_N16,0.74,0.24,0.32,16,0.22994907083055738,0.22994907083055738,144.101231444243,True,6.679667191020785,1.9,2d_a0.740_rx0.240_ry0.320_N16.csv
a0.740_rx0.240_ry0.320_N20,0.74,0.24,0.32,20,0.2923382426689177,0.2923382426689177,135.39660152216538,True,4.046318171990832,2.2,2d_a0.740_rx0.240_ry0.320_N20.csv
a0.740_rx0.240_ry0.360_N12,0.74,0.24,0.36,12,0.11873819954879035,0.11873819954879035,160.5623518455809,True,0.8253402137809068,1.6,2d_a0.740_rx0.240_ry0.360_N12.csv
a0.740_rx0.240_ry0.360_N16,0.74,0.24,0.36,16,0.3137577873761891,0.3137577873761891,136.8907369732167,True,3.8580488758127096,1.9,2d_a0.740_rx0.240_ry0.360_N16.csv
a0.740_rx0.240_ry0.360_N20,0.74,0.24,0.36,20,0.39657471876459854,0.39657471876459854,119.43414964978956,True,6.525096390647549,2.1,2d_a0.740_rx0.240_ry0.360_N20.csv
a0.740_rx0.240_ry0.400_N12,0.74,0.24,0.4,12,0.439507514259202,0.439507514259202,160.5623518455809,True,1.2577048084631417,1.6,2d_a0.740_rx0.240_ry0.400_N12.csv
a0.740_rx0.240_ry0.400_N16,0.74,0.24,0.4,16,0.4200789525155448,0.4200789525155448,160.5623518455809,True,2.5071665520427127,1.9,2d_a0.740_rx0.240_ry0.400_N16.csv
a0.740_rx0.240_ry0.400_N20,0.74,0.24,0.4,20,0.38889693084582855,0.38889693084582855,134.79972021801746,True,3.9203470669783433,2.1,2d_a0.740_rx0.240_ry0.400_N20.csv
a0.740_rx0.240_ry0.440_N12,0.74,0.24,0.44,12,0.288583023743649,0.288583023743649,153.20528906531172,True,1.391651448598442,1.6,2d_a0.740_rx0.240_ry0.440_N12.csv
a0.740_rx0.240_ry0.440_N16,0.74,0.24,0.44,16,0.2566697811842668,0.2566697811842668,160.5623518455809,True,0.4602167630866053,1.9,2d_a0.740_rx0.240_ry0.440_N16.csv
a0.740_rx0.240_ry0.440_N20,0.74,0.24,0.44,20,0.22442541210272454,0.22442541210272454,127.9671531700842,True,2.3484517780461913,2.1,2d_a0.740_rx0.240_ry0.440_N20.csv
a0.760_rx0.200_ry0.200_N12,0.76,0.2,0.2,12,0.132887755789238,0.132887755789238,160.5623518455809,True,0.6196544243130191,1.6,2d_a0.760_rx0.200_ry0.200_N12.csv
a0.760_rx0.200_ry0.200_N16,0.76,0.2,0.2,16,0.058577136449201435,0.058577136449201435,126.48945623815575,True,3.5730648212439045,2.0,2d_a0.760_rx0.200_ry0.200_N16.csv
a0.760_rx0.200_ry0.200_N20,0.76,0.2,0.2,20,0.02485726234961253,0.02485726234961253,127.67139635542094,True,5.638833265042738,2.2,2d_a0.760_rx0.200_ry0.200_N20.csv
a0.760_rx0.200_ry0.240_N12,0.76,0.2,0.24,12,0.11187518347422964,0.11187518347422964,160.5623518455809,True,0.853795486393317,1.7,2d_a0.760_rx0.200_ry0.240_N12.csv
a0.760_rx0.200_ry0.240_N16,0.76,0.2,0.24,16,0.049847448001511266,0.049847448001511266,155.34427420292423,True,4.8543766073141885,1.9,2d_a0.760_rx0.200_ry0.240_N16.csv
a0.760_rx0.200_ry0.240_N20,0.76,0.2,0.24,20,0.02903709427946437,0.02903709427946437,127.08020898843802,True,9.522153936710746,2.2,2d_a0.760_rx0.200_ry0.240_N20.csv
a0.760_rx0.200_ry0.280_N12,0.76,0.2,0.28,12,0.09935475537028632,0.09935475537028632,157.18215424303344,True,1.4918664092472562,1.6,2d_a0.760_rx0.200_ry0.280_N12.csv
a0.760_rx0.200_ry0.280_N16,0.76,0.2,0.28,16,0.04542578360933941,0.04542578360933941,109.83367778228512,True,4.762783548254485,1.9,2d_a0.760_rx0.200_ry0.280_N16.csv
a0.760_rx0.200_ry0.280_N20,0.76,0.2,0.28,20,0.03119711913866413,0.03119711913866413,118.84900357413403,True,10.911247471420307,2.2,2d_a0.760_rx0.200_ry0.280_N20.csv
a0.760_rx0.200_ry0.320_N12,0.76,0.2,0.32,12,0.09274543939858476,0.09274543939858476,157.7956992317529,True,1.2920340728707385,1.6,2d_a0.760_rx0.200_ry0.320_N12.csv
a0.760_rx0.200_ry0.320_N16,0.76,0.2,0.32,16,0.042216381634604616,0.042216381634604616,102.63697161744403,True,11.517687427402056,1.9,2d_a0.760_rx0.200_ry0.320_N16.csv
a0.760_rx0.200_ry0.320_N20,0.76,0.2,0.32,20,0.03862341435225296,0.03862341435225296,113.60189149918165,True,16.431661207739058,2.1,2d_a0.760_rx0.200_ry0.320_N20.csv
a0.760_rx0.200_ry0.360_N12,0.76,0.2,0.36,12,0.06460906709836563,0.06460906709836563,152.2902930220514,True,2.6025012535250682,1.6,2d_a0.760_rx0.200_ry0.360_N12.csv
a0.760_rx0.200_ry0.360_N16,0.76,0.2,0.36,16,0.021475071564172266,0.021475071564172266,90.97437556952036,True,5.616006621471569,1.9,2d_a0.760_rx0.200_ry0.360_N16.csv
a0.760_rx0.200_ry0.360_N20,0.76,0.2,0.36,20,0.01796097902468917,0.01796097902468917,101.49154037462017,True,12.512967243108593,2.1,2d_a0.760_rx0.200_ry0.360_N20.csv
a0.760_rx0.200_ry0.400_N12,0.76,0.2,0.4,12,0.036221656554096086,0.036221656554096086,144.101231444243,True,6.894080615560751,1.6,2d_a0.760_rx0.200_ry0.400_N12.csv
a0.760_rx0.200_ry0.400_N16,0.76,0.2,0.4,16,0.015087934990461948,0.015087934990461948,89.84575701799463,True,3.637879774323923,1.9,2d_a0.760_rx0.200_ry0.400_N16.csv
a0.760_rx0.200_ry0.400_N20,0.76,0.2,0.4,20,0.019064449160912243,0.019064449160912243,100.3477658755935,True,11.74753161698634,2.2,2d_a0.760_rx0.200_ry0.400_N20.csv
a0.760_rx0.200_ry0.440_N12,0.76,0.2,0.44,12,0.04732826701317486,0.04732826701317486,137.7885456268134,True,5.354349874662569,1.6,2d_a0.760_rx0.200_ry0.440_N12.csv
a0.760_rx0.200_ry0.440_N16,0.76,0.2,0.44,16,0.03830736113842373,0.03830736113842373,147.12461915756876,True,4.514971100314682,1.9,2d_a0.760_rx0.200_ry0.440_N16.csv
a0.760_rx0.200_ry0.440_N20,0.76,0.2,0.44,20,0.03626855622994521,0.03626855622994521,100.06208069590616,True,10.317976165975054,2.1,2d_a0.760_rx0.200_ry0.440_N20.csv
a0.760_rx0.220_ry0.200_N12,0.76,0.22,0.2,12,0.15577899820284585,0.15577899820284585,160.5623518455809,True,0.5949619816304301,1.6,2d_a0.760_rx0.220_ry0.200_N12.csv
a0.760_rx0.220_ry0.200_N16,0.76,0.22,0.2,16,0.08284708939135534,0.08284708939135534,160.5623518455809,True,1.8655739865058987,2.0,2d_a0.760_rx0.220_ry0.200_N16.csv
a0.760_rx0.220_ry0.200_N20,0.76,0.22,0.2,20,0.04438050348291174,0.04438050348291174,130.63386925851592,True,3.437903262441592,2.2,2d_a0.760_rx0.220_ry0.200_N20.csv
a0.760_rx0.220_ry0.240_N12,0.76,0.22,0.24,12,0.10839759237333292,0.10839759237333292,156.56906875252707,True,1.4641610286858884,1.6,2d_a0.760_rx0.220_ry0.240_N12.csv
a0.760_rx0.220_ry0.240_N16,0.76,0.22,0.24,16,0.0760782547465143,0.0760782547465143,155.03836194659084,True,1.41907684284456,1.9,2d_a0.760_rx0.220_ry0.240_N16.csv
a0.760_rx0.220_ry0.240_N20,0.76,0.22,0.24,20,0.05238615834988895,0.05238615834988895,129.7439816798351,True,7.52391195757969,2.2,2d_a0.760_rx0.220_ry0.240_N20.csv
a0.760_rx0.220_ry0.280_N12,0.76,0.22,0.28,12,0.10655388309836566,0.10655388309836566,154.73256411414263,True,1.8870178909222437,1.6,2d_a0.760_rx0.220_ry0.280_N12.csv
a0.760_rx0.220_ry0.280_N16,0.76,0.22,0.28,16,0.09142968098517208,0.09142968098517208,120.60572760093714,True,3.4877466217336672,1.9,2d_a0.760_rx0.220_ry0.280_N16.csv
a0.760_rx0.220_ry0.280_N20,0.76,0.22,0.28,20,0.0699115081676793,0.0699115081676793,121.48553799435331,True,5.621777693905032,2.2,2d_a0.760_rx0.220_ry0.280_N20.csv
a0.760_rx0.220_ry0.320_N12,0.76,0.22,0.32,12,0.15394850003154717,0.15394850003154717,148.94406075351958,True,3.0001026508783735,1.6,2d_a0.760_rx0.220_ry0.320_N12.csv
a0.760_rx0.220_ry0.320_N16,0.76,0.22,0.32,16,0.08971706565489948,0.08971706565489948,108.96661925150693,True,5.277165470827548,1.9,2d_a0.760_rx0.220_ry0.320_N16.csv
a0.760_rx0.220_ry0.320_N20,0.76,0.22,0.32,20,0.08166290379820143,0.08166290379820143,111.86049881334634,True,11.595735034367797,2.2,2d_a0.760_rx0.220_ry0.320_N20.csv
a0.760_rx0.220_ry0.360_N12,0.76,0.22,0.36,12,0.1237053230160958,0.1237053230160958,142.5937468706411,True,5.760590697967388,1.6,2d_a0.760_rx0.220_ry0.360_N12.csv
a0.760_rx0.220_ry0.360_N16,0.76,0.22,0.36,16,0.06812433534170628,0.06812433534170628,90.40986352362597,True,8.569984878571868,1.9,2d_a0.760_rx0.220_ry0.360_N16.csv
a0.760_rx0.220_ry0.360_N20,0.76,0.22,0.36,20,0.06887006638099594,0.06887006638099594,102.0640486781599,True,13.108277843334221,2.2,2d_a0.760_rx0.220_ry0.360_N20.csv
a0.760_rx0.220_ry0.400_N12,0.76,0.22,0.4,12,0.11174038472470081,0.11174038472470081,138.0880367770876,True,3.9608072981824467,1.6,2d_a0.760_rx0.220_ry0.400_N12.csv
a0.760_rx0.220_ry0.400_N16,0.76,0.22,0.4,16,0.048670304818116385,0.048670304818116385,146.2164216130227,True,5.046887773988873,1.9,2d_a0.760_rx0.220_ry0.400_N16.csv
a0.760_rx0.220_ry0.400_N20,0.76,0.22,0.4,20,0.07776097350250531,0.07776097350250531,94.08646043553222,True,10.635551792951823,2.2,2d_a0.760_rx0.220_ry0.400_N20.csv
a0.760_rx0.220_ry0.440_N12,0.76,0.22,0.44,12,0.15219667224034436,0.15219667224034436,132.4165992169144,True,2.9727268729372787,1.6,2d_a0.760_rx0.220_ry0.440_N12.csv
a0.760_rx0.220_ry0.440_N16,0.76,0.22,0.44,16,0.08416145585086779,0.08416145585086779,150.46337311027014,True,4.627513268959999,1.9,2d_a0.760_rx0.220_ry0.440_N16.csv
a0.760_rx0.220_ry0.440_N20,0.76,0.22,0.44,20,0.10137112097158558,0.10137112097158558,108.96661925150693,True,8.263466463164736,2.2,2d_a0.760_rx0.220_ry0.440_N20.csv
a0.760_rx0.240_ry0.200_N12,0.76,0.24,0.2,12,0.16592514727184302,0.16592514727184302,158.409704235459,True,1.0898609906447498,1.6,2d_a0.760_rx0.240_ry0.200_N12.csv
a0.760_rx0.240_ry0.200_N16,0.76,0.24,0.2,16,0.061942095493699556,0.061942095493699556,160.5623518455809,True,0.6733859898141096,2.0,2d_a0.760_rx0.240_ry0.200_N16.csv
a0.760_rx0.240_ry0.200_N20,0.76,0.24,0.2,20,0.06564490063900849,0.06564490063900849,160.5623518455809,True,3.3332175920719966,2.2,2d_a0.760_rx0.240_ry0.200_N20.csv
a0.760_rx0.240_ry0.240_N12,0.76,0.24,0.24,12,0.13467905107129377,0.13467905107129377,155.03836194659084,True,1.6216452525730076,1.6,2d_a0.760_rx0.240_ry0.240_N12.csv
a0.760_rx0.240_ry0.240_N16,0.76,0.24,0.24,16,0.1043626263168908,0.1043626263168908,158.1026441994038,True,1.1199425077923384,1.9,2d_a0.760_rx0.240_ry0.240_N16.csv
a0.760_rx0.240_ry0.240_N20,0.76,0.24,0.24,20,0.07237755202451293,0.07237755202451293,131.8219175841018,True,3.060399545971376,2.2,2d_a0.760_rx0.240_ry0.240_N20.csv
a0.760_rx0.240_ry0.280_N12,0.76,0.24,0.28,12,0.1913969037404052,0.1913969037404052,152.90017642992598,True,1.7551741812832895,1.6,2d_a0.760_rx0.240_ry0.280_N12.csv
a0.760_rx0.240_ry0.280_N16,0.76,0.24,0.28,16,0.13229777731894737,0.13229777731894737,160.5623518455809,True,2.621875701125944,1.9,2d_a0.760_rx0.240_ry0.280_N16.csv
a0.760_rx0.240_ry0.280_N20,0.76,0.24,0.28,20,0.10927091200854762,0.10927091200854762,128.26301881890208,True,4.690968827592879,2.2,2d_a0.760_rx0.240_ry0.280_N20.csv
a0.760_rx0.240_ry0.320_N12,0.76,0.24,0.32,12,0.22206775403164028,0.22206775403164028,143.49790162269824,True,4.147408931263177,1.6,2d_a0.760_rx0.240_ry0.320_N12.csv
a0.760_rx0.240_ry0.320_N16,0.76,0.24,0.32,16,0.1564373403302676,0.1564373403302676,147.12461915756876,True,4.049137261304692,1.9,2d_a0.760_rx0.240_ry0.320_N16.csv
a0.760_rx0.240_ry0.320_N20,0.76,0.24,0.32,20,0.1455055170822656,0.1455055170822656,113.89249407752845,True,4.1000370296308155,2.2,2d_a0.760_rx0.240_ry0.320_N20.csv
a0.760_rx0.240_ry0.360_N12,0.76,0.24,0.36,12,0.20352873904565408,0.20352873904565408,141.08905807703468,True,3.683064360632626,1.6,2d_a0.760_rx0.240_ry0.360_N12.csv
a0.760_rx0.240_ry0.360_N16,0.76,0.24,0.36,16,0.036820093787157296,0.036820093787157296,150.1592839604632,True,8.901157154036603,1.9,2d_a0.760_rx0.240_ry0.360_N16.csv
a0.760_rx0.240_ry0.360_N20,0.76,0.24,0.36,20,0.15038786575113433,0.15038786575113433,102.35045829018622,True,7.582333244296057,2.2,2d_a0.760_rx0.240_ry0.360_N20.csv
a0.760_rx0.240_ry0.400_N12,0.76,0.24,0.4,12,0.21651684846933839,0.21651684846933839,131.8219175841018,True,3.03028088179868,1.6,2d_a0.760_rx0.240_ry0.400_N12.csv
a0.760_rx0.240_ry0.400_N16,0.76,0.24,0.4,16,0.0076099163420247215,0.0076099163420247215,146.51904146225365,True,5.748931810448514,1.9,2d_a0.760_rx0.240_ry0.400_N16.csv
a0.760_rx0.240_ry0.400_N20,0.76,0.24,0.4,20,0.18477927716676612,0.18477927716676612,102.35045829018622,True,12.505341934126571,2.2,2d_a0.760_rx0.240_ry0.400_N20.csv
a0.760_rx0.240_ry0.440_N12,0.76,0.24,0.44,12,0.23073372636268583,0.23073372636268583,160.5623518455809,True,0.6906542805431464,1.6,2d_a0.760_rx0.240_ry0.440_N12.csv
a0.760_rx0.240_ry0.440_N16,0.76,0.24,0.44,16,0.1919552115857832,0.1919552115857832,146.2164216130227,True,1.9902309758976444,1.9,2d_a0.760_rx0.240_ry0.440_N16.csv
a0.760_rx0.240_ry0.440_N20,0.76,0.24,0.44,20,0.14924301700290854,0.14924301700290854,113.60189149918165,True,4.25960943268871,2.2,2d_a0.760_rx0.240_ry0.440_N20.csv
a0.780_rx0.200_ry0.200_N12,0.78,0.2,0.2,12,0.09805352025279775,0.09805352025279775,160.5623518455809,True,5.306430737572377,1.6,2d_a0.780_rx0.200_ry0.200_N12.csv
a0.780_rx0.200_ry0.200_N16,0.78,0.2,0.2,16,0.019717304976229606,0.019717304976229606,123.54219499362716,True,6.101816058046236,2.0,2d_a0.780_rx0.200_ry0.200_N16.csv
a0.780_rx0.200_ry0.200_N20,0.78,0.2,0.2,20,0.02834095752620288,0.02834095752620288,135.39660152216538,True,9.311236722153703,2.2,2d_a0.780_rx0.200_ry0.200_N20.csv
a0.780_rx0.200_ry0.240_N12,0.78,0.2,0.24,12,0.05917319989910804,0.05917319989910804,159.63909635880532,True,2.160933204474711,1.6,2d_a0.780_rx0.200_ry0.240_N12.csv
a0.780_rx0.200_ry0.240_N16,0.78,0.2,0.24,16,0.012219007669831031,0.012219007669831031,122.66012412280861,True,13.470613874002726,1.9,2d_a0.780_rx0.200_ry0.240_N16.csv
a0.780_rx0.200_ry0.240_N20,0.78,0.2,0.24,20,0.006752659990067729,0.006752659990067729,131.8219175841018,True,14.29853620106212,2.2,2d_a0.780_rx0.200_ry0.240_N20.csv
a0.780_rx0.200_ry0.280_N12,0.78,0.2,0.28,12,0.07065325929269178,0.07065325929269178,159.63909635880532,True,2.3004965808188262,1.7,2d_a0.780_rx0.200_ry0.280_N12.csv
a0.780_rx0.200_ry0.280_N16,0.78,0.2,0.28,16,0.010801427057874931,0.010801427057874931,119.14152308597613,True,17.386568576391408,1.9,2d_a0.780_rx0.200_ry0.280_N16.csv
a0.780_rx0.200_ry0.280_N20,0.78,0.2,0.28,20,0.015261669373951322,0.015261669373951322,127.67139635542094,True,15.293294794912113,2.2,2d_a0.780_rx0.200_ry0.280_N20.csv
a0.780_rx0.200_ry0.320_N12,0.78,0.2,0.32,12,0.055401592937317085,0.055401592937317085,160.5623518455809,True,4.980071540043023,1.7,2d_a0.780_rx0.200_ry0.320_N12.csv
a0.780_rx0.200_ry0.320_N16,0.78,0.2,0.32,16,0.0037153975602979275,0.0037153975602979275,109.54455315490986,True,11.56729002601224,1.9,2d_a0.780_rx0.200_ry0.320_N16.csv
a0.780_rx0.200_ry0.320_N20,0.78,0.2,0.32,20,0.0010180547428830157,0.0010180547428830157,122.95403990719842,True,25.840265023794817,2.2,2d_a0.780_rx0.200_ry0.320_N20.csv
a0.780_rx0.200_ry0.360_N12,0.78,0.2,0.36,12,0.03714242395518562,0.03714242395518562,152.5951777701232,True,2.5278363330571625,1.6,2d_a0.780_rx0.200_ry0.360_N12.csv
a0.780_rx0.200_ry0.360_N16,0.78,0.2,0.36,16,0.00552731599319692,0.00552731599319692,108.96661925150693,True,19.27511351045878,1.9,2d_a0.780_rx0.200_ry0.360_N16.csv
a0.780_rx0.200_ry0.360_N20,0.78,0.2,0.36,20,0.002988335266975507,0.002988335266975507,121.48553799435331,True,23.179104158333605,2.2,2d_a0.780_rx0.200_ry0.360_N20.csv
a0.780_rx0.200_ry0.400_N12,0.78,0.2,0.4,12,0.024666383834690237,0.024666383834690237,123.83643441438835,True,0.9783392646358022,1.7,2d_a0.780_rx0.200_ry0.400_N12.csv
a0.780_rx0.200_ry0.400_N16,0.78,0.2,0.4,16,0.003650373560437872,0.003650373560437872,108.67780986084813,True,3.381486072476535,1.9,2d_a0.780_rx0.200_ry0.400_N16.csv
a0.780_rx0.200_ry0.400_N20,0.78,0.2,0.4,20,0.0019576452657607884,0.0019576452657607884,116.80435951821505,True,5.1554932658555455,2.2,2d_a0.780_rx0.200_ry0.400_N20.csv
a0.780_rx0.200_ry0.440_N12,0.78,0.2,0.44,12,0.011392308895527996,0.011392308895527996,114.47401729614626,True,1.1653212012205418,1.7,2d_a0.780_rx0.200_ry0.440_N12.csv
a0.780_rx0.200_ry0.440_N16,0.78,0.2,0.44,16,0.0008540017874264979,0.0008540017874264979,106.94715576714952,True,2.9196535938901262,1.9,2d_a0.780_rx0.200_ry0.440_N16.csv
a0.780_rx0.200_ry0.440_N20,0.78,0.2,0.44,20,0.00024859601613537983,0.00024859601613537983,119.43414964978956,True,3.250990483770807,2.2,2d_a0.780_rx0.200_ry0.440_N20.csv
a0.780_rx0.220_ry0.200_N12,0.78,0.22,0.2,12,0.13945179843611505,0.13945179843611505,160.5623518455809,True,1.5139753954775148,1.7,2d_a0.780_rx0.220_ry0.200_N12.csv
a0.780_rx0.220_ry0.200_N16,0.78,0.22,0.2,16,0.04613623623569159,0.04613623623569159,126.19424269453361,True,6.132784511912368,2.0,2d_a0.780_rx0.220_ry0.200_N16.csv
a0.780_rx0.220_ry0.200_N20,0.78,0.22,0.2,20,0.006850222609001682,0.006850222609001682,160.5623518455809,True,12.019630147180294,2.3,2d_a0.780_rx0.220_ry0.200_N20.csv
a0.780_rx0.220_ry0.240_N12,0.78,0.22,0.24,12,0.12075562764593717,0.12075562764593717,160.5623518455809,True,0.7170030758364441,1.7,2d_a0.780_rx0.220_ry0.240_N12.csv
a0.780_rx0.220_ry0.240_N16,0.78,0.22,0.24,16,0.04567903007014769,0.04567903007014769,128.85507685938546,True,7.834526663908966,1.9,2d_a0.780_rx0.220_ry0.240_N16.csv
a0.780_rx0.220_ry0.240_N20,0.78,0.22,0.24,20,0.0015774709834726153,0.0015774709834726153,131.5247412261117,True,6.976539587124281,2.2,2d_a0.780_rx0.220_ry0.240_N20.csv
a0.780_rx0.220_ry0.280_N12,0.78,0.22,0.28,12,0.06779510743372369,0.06779510743372369,160.5623518455809,True,0.543605884380078,1.7,2d_a0.780_rx0.220_ry0.280_N12.csv
a0.780_rx0.220_ry0.280_N16,0.78,0.22,0.28,16,0.038267261371819225,0.038267261371819225,116.80435951821505,True,4.172659935575308,2.0,2d_a0.780_rx0.220_ry0.280_N16.csv
a0.780_rx0.220_ry0.280_N20,0.78,0.22,0.28,20,0.00958959364985097,0.00958959364985097,133.9052248145615,True,21.849321814871686,2.2,2d_a0.780_rx0.220_ry0.280_N20.csv
a0.780_rx0.220_ry0.320_N12,0.78,0.22,0.32,12,0.019597151993737703,0.019597151993737703,160.5623518455809,True,2.943851680637724,1.7,2d_a0.780_rx0.220_ry0.320_N12.csv
a0.780_rx0.220_ry0.320_N16,0.78,0.22,0.32,16,0.043041151896457866,0.043041151896457866,110.41224267527514,True,10.954925875948028,1.9,2d_a0.780_rx0.220_ry0.320_N16.csv
a0.780_rx0.220_ry0.320_N20,0.78,0.22,0.32,20,0.008239235534786673,0.008239235534786673,123.83643441438835,True,12.78201309181317,2.2,2d_a0.780_rx0.220_ry0.320_N20.csv
a0.780_rx0.220_ry0.360_N12,0.78,0.22,0.36,12,0.038703520454594985,0.038703520454594985,156.87555409277184,True,1.858088783112501,1.7,2d_a0.780_rx0.220_ry0.360_N12.csv
a0.780_rx0.220_ry0.360_N16,0.78,0.22,0.36,16,0.03439374316635894,0.03439374316635894,100.63355437722635,True,6.768154801919777,1.9,2d_a0.780_rx0.220_ry0.360_N16.csv
a0.780_rx0.220_ry0.360_N20,0.78,0.22,0.36,20,0.029172335250504965,0.029172335250504965,117.67999487244992,True,20.880771321034537,2.2,2d_a0.780_rx0.220_ry0.360_N20.csv
a0.780_rx0.220_ry0.400_N12,0.78,0.22,0.4,12,0.04056867092989468,0.04056867092989468,160.5623518455809,True,0.7551930850847784,1.7,2d_a0.780_rx0.220_ry0.400_N12.csv
a0.780_rx0.220_ry0.400_N16,0.78,0.22,0.4,16,0.019698984240043786,0.019698984240043786,100.3477658755935,True,4.9627047818886485,1.9,2d_a0.780_rx0.220_ry0.400_N16.csv
a0.780_rx0.220_ry0.400_N20,0.78,0.22,0.4,20,0.01487482278154426,0.01487482278154426,113.60189149918165,True,10.230794917859486,2.2,2d_a0.780_rx0.220_ry0.400_N20.csv
a0.780_rx0.220_ry0.440_N12,0.78,0.22,0.44,12,0.02175507675924235,0.02175507675924235,153.20528906531172,True,2.790005279523948,1.6,2d_a0.780_rx0.220_ry0.440_N12.csv
a0.780_rx0.220_ry0.440_N16,0.78,0.22,0.44,16,0.00393243798712592,0.00393243798712592,100.91944625686665,True,2.4190352544705993,1.9,2d_a0.780_rx0.220_ry0.440_N16.csv
a0.780_rx0.220_ry0.440_N20,0.78,0.22,0.44,20,0.005031503091708601,0.005031503091708601,110.99122880226082,True,5.380191618583598,2.2,2d_a0.780_rx0.220_ry0.440_N20.csv
a0.780_rx0.240_ry0.200_N12,0.78,0.24,0.2,12,0.1564658226931084,0.1564658226931084,160.5623518455809,True,0.5257936047441508,1.7,2d_a0.780_rx0.240_ry0.200_N12.csv
a0.780_rx0.240_ry0.200_N16,0.78,0.24,0.2,16,0.07564846517110098,0.07564846517110098,160.5623518455809,True,4.03418651553277,2.0,2d_a0.780_rx0.240_ry0.200_N16.csv
a0.780_rx0.240_ry0.200_N20,0.78,0.24,0.2,20,0.018920114897262898,0.018920114897262898,138.0880367770876,True,5.068756310876297,2.2,2d_a0.780_rx0.240_ry0.200_N20.csv
a0.780_rx0.240_ry0.240_N12,0.78,0.24,0.24,12,0.05766871452495339,0.05766871452495339,160.5623518455809,True,0.500567417804246,1.7,2d_a0.780_rx0.240_ry0.240_N12.csv
a0.780_rx0.240_ry0.240_N16,0.78,0.24,0.24,16,0.07107563164238716,0.07107563164238716,131.5247412261117,True,1.1350485664172971,1.9,2d_a0.780_rx0.240_ry0.240_N16.csv
a0.780_rx0.240_ry0.240_N20,0.78,0.24,0.24,20,0.021058209051305735,0.021058209051305735,160.5623518455809,True,9.320807866288751,2.2,2d_a0.780_rx0.240_ry0.240_N20.csv
a0.780_rx0.240_ry0.280_N12,0.78,0.24,0.28,12,0.0212383428076265,0.0212383428076265,160.5623518455809,True,1.1765846664152393,1.7,2d_a0.780_rx0.240_ry0.280_N12.csv
a0.780_rx0.240_ry0.280_N16,0.78,0.24,0.28,16,0.08201611842957697,0.08201611842957697,117.97208676331388,True,3.007454729054294,1.9,2d_a0.780_rx0.240_ry0.280_N16.csv
a0.780_rx0.240_ry0.280_N20,0.78,0.24,0.28,20,0.03634932217578352,0.03634932217578352,133.3094448688364,True,10.099302771083954,2.2,2d_a0.780_rx0.240_ry0.280_N20.csv
a0.780_rx0.240_ry0.320_N12,0.78,0.24,0.32,12,0.028240722335562254,0.028240722335562254,160.25448451587545,True,3.0823166780231555,1.7,2d_a0.780_rx0.240_ry0.320_N12.csv
a0.780_rx0.240_ry0.320_N16,0.78,0.24,0.32,16,0.10536140928721507,0.10536140928721507,110.70168305577204,True,6.774601407471825,1.9,2d_a0.780_rx0.240_ry0.320_N16.csv
a0.780_rx0.240_ry0.320_N20,0.78,0.24,0.32,20,0.06564194007640216,0.06564194007640216,131.2276744262258,True,14.31029319242342,2.2,2d_a0.780_rx0.240_ry0.320_N20.csv
a0.780_rx0.240_ry0.360_N12,0.78,0.24,0.36,12,0.013451791481991899,0.013451791481991899,155.03836194659084,True,2.7154726315993183,1.6,2d_a0.780_rx0.240_ry0.360_N12.csv
a0.780_rx0.240_ry0.360_N16,0.78,0.24,0.36,16,0.09756166556026659,0.09756166556026659,98.35013624428075,True,7.064500055609003,1.9,2d_a0.780_rx0.240_ry0.360_N16.csv
a0.780_rx0.240_ry0.360_N20,0.78,0.24,0.36,20,0.0883047664951133,0.0883047664951133,117.38800974031778,True,8.998062309111038,2.2,2d_a0.780_rx0.240_ry0.360_N20.csv
a0.780_rx0.240_ry0.400_N12,0.78,0.24,0.4,12,0.09895766850157922,0.09895766850157922,152.90017642992598,True,2.4845196437381256,1.7,2d_a0.780_rx0.240_ry0.400_N12.csv
a0.780_rx0.240_ry0.400_N16,0.78,0.24,0.4,16,0.04864068341772064,0.04864068341772064,95.78916363573762,True,3.265777642823825,1.9,2d_a0.780_rx0.240_ry0.400_N16.csv
a0.780_rx0.240_ry0.400_N20,0.78,0.24,0.4,20,0.04056997751410325,0.04056997751410325,107.23533622909281,True,5.862588868019531,2.2,2d_a0.780_rx0.240_ry0.400_N20.csv
a0.780_rx0.240_ry0.440_N12,0.78,0.24,0.44,12,0.05301350493713838,0.05301350493713838,145.30923730485938,True,4.562686726764402,1.6,2d_a0.780_rx0.240_ry0.440_N12.csv
a0.780_rx0.240_ry0.440_N16,0.78,0.24,0.44,16,0.03422632274200532,0.03422632274200532,155.03836194659084,True,3.3484601465655977,1.9,2d_a0.780_rx0.240_ry0.440_N16.csv
a0.780_rx0.240_ry0.440_N20,0.78,0.24,0.44,20,0.0334414902354648,0.0334414902354648,110.41224267527514,True,5.16591379009801,2.2,2d_a0.780_rx0.240_ry0.440_N20.csv
