run_id,source_mirror_candidate_id,a_m,rx_m,ry_m,a_c,rx_c,ry_c,N_taper,N_mirror,defect_gap,N_total,valid_geometry,lambda0_nm,FWHM_nm,Q,T_peak,prominence,fit_r2,best_peak_score,highest_q_peak_Q,spectrum_csv,spectrum_png,fit_png,error_message
1,default,0.44,0.12,0.22,0.374,0.12,0.22,3,5,0,16,1,1543.63,20.5991,75,0.7659,0.5801,0.9998,50.1,75,results/spectra/cavity_run_0001.csv,results/figures/cavity_run_0001_spectrum.png,results/figures/cavity_run_0001_fit.png,
2,default,0.44,0.12,0.22,0.3905,0.12,0.22,3,5,0,16,1,1501.23,11.6028,129,0.8964,0.7313,1.0000,51.2,129,results/spectra/cavity_run_0002.csv,results/figures/cavity_run_0002_spectrum.png,results/figures/cavity_run_0002_fit.png,
3,default,0.44,0.12,0.22,0.407,0.12,0.22,3,5,0,16,1,1504.80,13.1866,114,0.9269,0.8040,1.0000,52.8,181,results/spectra/cavity_run_0003.csv,results/figures/cavity_run_0003_spectrum.png,results/figures/cavity_run_0003_fit.png,
4,default,0.44,0.12,0.22,0.4235,0.12,0.22,3,5,0,16,1,1506.40,16.0413,94,0.9440,0.8828,1.0000,53.6,106,results/spectra/cavity_run_0004.csv,results/figures/cavity_run_0004_spectrum.png,results/figures/cavity_run_0004_fit.png,
5,default,0.44,0.12,0.22,0.44,0.12,0.22,3,5,0,16,1,1505.81,25.5645,59,0.8869,0.8574,1.0000,51.2,89,results/spectra/cavity_run_0005.csv,results/figures/cavity_run_0005_spectrum.png,results/figures/cavity_run_0005_fit.png,
6,default,0.44,0.12,0.22,0.4565,0.12,0.22,3,5,0,16,1,1521.57,23.6764,64,0.8492,0.7354,0.9988,51.2,64,results/spectra/cavity_run_0006.csv,results/figures/cavity_run_0006_spectrum.png,results/figures/cavity_run_0006_fit.png,
7,default,0.44,0.12,0.22,0.473,0.12,0.22,3,5,0,16,1,1521.31,17.9053,85,0.8975,0.5647,0.9995,53.2,85,results/spectra/cavity_run_0007.csv,results/figures/cavity_run_0007_spectrum.png,results/figures/cavity_run_0007_fit.png,
8,default,0.44,0.12,0.22,0.4895,0.12,0.22,3,5,0,16,1,1521.92,19.1873,79,0.8902,0.5910,0.9995,53.0,79,results/spectra/cavity_run_0008.csv,results/figures/cavity_run_0008_spectrum.png,results/figures/cavity_run_0008_fit.png,
9,default,0.44,0.12,0.22,0.506,0.12,0.22,3,5,0,16,1,1523.33,14.5518,105,0.8340,0.6177,0.9998,50.9,105,results/spectra/cavity_run_0009.csv,results/figures/cavity_run_0009_spectrum.png,results/figures/cavity_run_0009_fit.png,
10,default,0.44,0.12,0.22,0.4235,0.084,0.22,3,5,0,16,1,1509.97,17.2771,87,0.9533,0.8697,0.9998,54.3,146,results/spectra/cavity_run_0010.csv,results/figures/cavity_run_0010_spectrum.png,results/figures/cavity_run_0010_fit.png,
11,default,0.44,0.12,0.22,0.4235,0.094,0.22,3,5,0,16,1,1509.11,13.9604,108,0.9549,0.8757,0.9999,54.3,108,results/spectra/cavity_run_0011.csv,results/figures/cavity_run_0011_spectrum.png,results/figures/cavity_run_0011_fit.png,
12,default,0.44,0.12,0.22,0.4235,0.104,0.22,3,5,0,16,1,1508.13,15.5027,97,0.9556,0.8822,0.9999,54.2,97,results/spectra/cavity_run_0012.csv,results/figures/cavity_run_0012_spectrum.png,results/figures/cavity_run_0012_fit.png,
13,default,0.44,0.12,0.22,0.4235,0.114,0.22,3,5,0,16,1,1507.11,15.1973,99,0.9449,0.8807,1.0000,53.7,100,results/spectra/cavity_run_0013.csv,results/figures/cavity_run_0013_spectrum.png,results/figures/cavity_run_0013_fit.png,
14,default,0.44,0.12,0.22,0.4235,0.124,0.22,3,5,0,16,1,1505.89,16.0771,94,0.9431,0.8832,1.0000,53.5,94,results/spectra/cavity_run_0014.csv,results/figures/cavity_run_0014_spectrum.png,results/figures/cavity_run_0014_fit.png,
15,default,0.44,0.12,0.22,0.4235,0.134,0.22,3,5,0,16,1,1504.49,14.0188,107,0.9519,0.8915,1.0000,53.7,107,results/spectra/cavity_run_0015.csv,results/figures/cavity_run_0015_spectrum.png,results/figures/cavity_run_0015_fit.png,
16,default,0.44,0.12,0.22,0.4235,0.144,0.22,3,5,0,16,1,1502.96,15.0018,100,0.9481,0.8915,1.0000,53.4,100,results/spectra/cavity_run_0016.csv,results/figures/cavity_run_0016_spectrum.png,results/figures/cavity_run_0016_fit.png,
17,default,0.44,0.12,0.22,0.4235,0.094,0.154,3,5,0,16,1,1512.10,14.0855,107,0.8975,0.8212,1.0000,52.3,107,results/spectra/cavity_run_0017.csv,results/figures/cavity_run_0017_spectrum.png,results/figures/cavity_run_0017_fit.png,
18,default,0.44,0.12,0.22,0.4235,0.094,0.1723,3,5,0,16,1,1511.40,15.3885,98,0.9156,0.8404,1.0000,53.0,98,results/spectra/cavity_run_0018.csv,results/figures/cavity_run_0018_spectrum.png,results/figures/cavity_run_0018_fit.png,
19,default,0.44,0.12,0.22,0.4235,0.094,0.1907,3,5,0,16,1,1510.53,13.8026,109,0.9333,0.8580,0.9999,53.6,109,results/spectra/cavity_run_0019.csv,results/figures/cavity_run_0019_spectrum.png,results/figures/cavity_run_0019_fit.png,
20,default,0.44,0.12,0.22,0.4235,0.094,0.209,3,5,0,16,1,1509.69,15.6418,97,0.9473,0.8697,0.9999,54.1,106,results/spectra/cavity_run_0020.csv,results/figures/cavity_run_0020_spectrum.png,results/figures/cavity_run_0020_fit.png,
21,default,0.44,0.12,0.22,0.4235,0.094,0.2273,3,5,0,16,1,1508.71,13.4887,112,0.9587,0.8788,0.9999,54.4,112,results/spectra/cavity_run_0021.csv,results/figures/cavity_run_0021_spectrum.png,results/figures/cavity_run_0021_fit.png,
22,default,0.44,0.12,0.22,0.4235,0.094,0.2457,3,5,0,16,1,1507.64,18.0713,83,0.9635,0.8819,0.9998,54.5,83,results/spectra/cavity_run_0022.csv,results/figures/cavity_run_0022_spectrum.png,results/figures/cavity_run_0022_fit.png,
23,default,0.44,0.12,0.22,0.4235,0.094,0.264,3,5,0,16,1,1506.34,20.5133,73,0.9637,0.8771,0.9997,54.3,73,results/spectra/cavity_run_0023.csv,results/figures/cavity_run_0023_spectrum.png,results/figures/cavity_run_0023_fit.png,
24,default,0.44,0.12,0.22,0.4135,0.094,0.2457,3,5,0,16,1,1507.49,14.4260,104,0.9481,0.8365,1.0000,53.9,172,results/spectra/cavity_run_0024.csv,results/figures/cavity_run_0024_spectrum.png,results/figures/cavity_run_0024_fit.png,
25,default,0.44,0.12,0.22,0.4185,0.094,0.2457,3,5,0,16,1,1507.58,14.3967,105,0.9612,0.8642,0.9999,54.4,153,results/spectra/cavity_run_0025.csv,results/figures/cavity_run_0025_spectrum.png,results/figures/cavity_run_0025_fit.png,
26,default,0.44,0.12,0.22,0.4235,0.094,0.2457,3,5,0,16,1,1507.64,18.0713,83,0.9635,0.8819,0.9998,54.5,83,results/spectra/cavity_run_0026.csv,results/figures/cavity_run_0026_spectrum.png,results/figures/cavity_run_0026_fit.png,
27,default,0.44,0.12,0.22,0.4285,0.094,0.2457,3,5,0,16,1,1507.53,13.0163,116,0.9542,0.8857,0.9997,54.1,116,results/spectra/cavity_run_0027.csv,results/figures/cavity_run_0027_spectrum.png,results/figures/cavity_run_0027_fit.png,
28,default,0.44,0.12,0.22,0.4335,0.094,0.2457,3,5,0,16,1,1507.17,15.1232,100,0.9295,0.8728,0.9995,53.1,108,results/spectra/cavity_run_0028.csv,results/figures/cavity_run_0028_spectrum.png,results/figures/cavity_run_0028_fit.png,
29,default,0.44,0.12,0.22,0.4235,0.084,0.2457,3,5,0,16,1,1508.55,18.9236,80,0.9639,0.8761,0.9997,54.6,173,results/spectra/cavity_run_0029.csv,results/figures/cavity_run_0029_spectrum.png,results/figures/cavity_run_0029_fit.png,
30,default,0.44,0.12,0.22,0.4235,0.089,0.2457,3,5,0,16,1,1508.11,15.6289,96,0.9639,0.8795,0.9998,54.6,96,results/spectra/cavity_run_0030.csv,results/figures/cavity_run_0030_spectrum.png,results/figures/cavity_run_0030_fit.png,
31,default,0.44,0.12,0.22,0.4235,0.094,0.2457,3,5,0,16,1,1507.64,18.0713,83,0.9635,0.8819,0.9998,54.5,83,results/spectra/cavity_run_0031.csv,results/figures/cavity_run_0031_spectrum.png,results/figures/cavity_run_0031_fit.png,
32,default,0.44,0.12,0.22,0.4235,0.099,0.2457,3,5,0,16,1,1507.13,12.9720,116,0.9628,0.8834,0.9998,54.5,116,results/spectra/cavity_run_0032.csv,results/figures/cavity_run_0032_spectrum.png,results/figures/cavity_run_0032_fit.png,
33,default,0.44,0.12,0.22,0.4235,0.104,0.2457,3,5,0,16,1,1506.60,12.9141,117,0.9621,0.8842,0.9999,54.4,117,results/spectra/cavity_run_0033.csv,results/figures/cavity_run_0033_spectrum.png,results/figures/cavity_run_0033_fit.png,
34,default,0.44,0.12,0.22,0.4235,0.094,0.2357,3,5,0,16,1,1508.24,15.5127,97,0.9614,0.8811,0.9998,54.5,97,results/spectra/cavity_run_0034.csv,results/figures/cavity_run_0034_spectrum.png,results/figures/cavity_run_0034_fit.png,
35,default,0.44,0.12,0.22,0.4235,0.094,0.2407,3,5,0,16,1,1507.95,14.0148,108,0.9626,0.8818,0.9998,54.5,108,results/spectra/cavity_run_0035.csv,results/figures/cavity_run_0035_spectrum.png,results/figures/cavity_run_0035_fit.png,
36,default,0.44,0.12,0.22,0.4235,0.094,0.2457,3,5,0,16,1,1507.64,18.0713,83,0.9635,0.8819,0.9998,54.5,83,results/spectra/cavity_run_0036.csv,results/figures/cavity_run_0036_spectrum.png,results/figures/cavity_run_0036_fit.png,
37,default,0.44,0.12,0.22,0.4235,0.094,0.2507,3,5,0,16,1,1507.30,14.3480,105,0.9643,0.8816,0.9998,54.5,105,results/spectra/cavity_run_0037.csv,results/figures/cavity_run_0037_spectrum.png,results/figures/cavity_run_0037_fit.png,
38,default,0.44,0.12,0.22,0.4235,0.094,0.2557,3,5,0,16,1,1506.95,16.3903,92,0.9645,0.8805,0.9997,54.5,92,results/spectra/cavity_run_0038.csv,results/figures/cavity_run_0038_spectrum.png,results/figures/cavity_run_0038_fit.png,
39,default,0.44,0.12,0.22,0.4175,0.094,0.2457,3,5,0,16,1,1507.57,13.9870,108,0.9593,0.8594,0.9999,54.3,108,results/spectra/cavity_run_0039.csv,results/figures/cavity_run_0039_spectrum.png,results/figures/cavity_run_0039_fit.png,
40,default,0.44,0.12,0.22,0.4205,0.094,0.2457,3,5,0,16,1,1507.61,15.8494,95,0.9634,0.8728,0.9999,54.5,165,results/spectra/cavity_run_0040.csv,results/figures/cavity_run_0040_spectrum.png,results/figures/cavity_run_0040_fit.png,
41,default,0.44,0.12,0.22,0.4235,0.094,0.2457,3,5,0,16,1,1507.64,18.0713,83,0.9635,0.8819,0.9998,54.5,83,results/spectra/cavity_run_0041.csv,results/figures/cavity_run_0041_spectrum.png,results/figures/cavity_run_0041_fit.png,
42,default,0.44,0.12,0.22,0.4265,0.094,0.2457,3,5,0,16,1,1507.60,16.5249,91,0.9595,0.8861,0.9997,54.3,91,results/spectra/cavity_run_0042.csv,results/figures/cavity_run_0042_spectrum.png,results/figures/cavity_run_0042_fit.png,
43,default,0.44,0.12,0.22,0.4295,0.094,0.2457,3,5,0,16,1,1507.47,17.8702,84,0.9505,0.8845,0.9996,53.9,84,results/spectra/cavity_run_0043.csv,results/figures/cavity_run_0043_spectrum.png,results/figures/cavity_run_0043_fit.png,
44,default,0.44,0.12,0.22,0.4235,0.088,0.2457,3,5,0,16,1,1508.20,13.7311,110,0.9640,0.8789,0.9997,54.6,110,results/spectra/cavity_run_0044.csv,results/figures/cavity_run_0044_spectrum.png,results/figures/cavity_run_0044_fit.png,
45,default,0.44,0.12,0.22,0.4235,0.091,0.2457,3,5,0,16,1,1507.93,13.2734,114,0.9639,0.8806,0.9998,54.6,114,results/spectra/cavity_run_0045.csv,results/figures/cavity_run_0045_spectrum.png,results/figures/cavity_run_0045_fit.png,
46,default,0.44,0.12,0.22,0.4235,0.094,0.2457,3,5,0,16,1,1507.64,18.0713,83,0.9635,0.8819,0.9998,54.5,83,results/spectra/cavity_run_0046.csv,results/figures/cavity_run_0046_spectrum.png,results/figures/cavity_run_0046_fit.png,
47,default,0.44,0.12,0.22,0.4235,0.097,0.2457,3,5,0,16,1,1507.34,15.7444,96,0.9631,0.8829,0.9998,54.4,96,results/spectra/cavity_run_0047.csv,results/figures/cavity_run_0047_spectrum.png,results/figures/cavity_run_0047_fit.png,
48,default,0.44,0.12,0.22,0.4235,0.1,0.2457,3,5,0,16,1,1507.03,13.7283,110,0.9627,0.8836,0.9998,54.4,110,results/spectra/cavity_run_0048.csv,results/figures/cavity_run_0048_spectrum.png,results/figures/cavity_run_0048_fit.png,
49,default,0.44,0.12,0.22,0.4235,0.094,0.2397,3,5,0,16,1,1508.01,16.6679,90,0.9624,0.8817,0.9998,54.5,90,results/spectra/cavity_run_0049.csv,results/figures/cavity_run_0049_spectrum.png,results/figures/cavity_run_0049_fit.png,
50,default,0.44,0.12,0.22,0.4235,0.094,0.2427,3,5,0,16,1,1507.82,14.3524,105,0.9630,0.8819,0.9998,54.5,105,results/spectra/cavity_run_0050.csv,results/figures/cavity_run_0050_spectrum.png,results/figures/cavity_run_0050_fit.png,
51,default,0.44,0.12,0.22,0.4235,0.094,0.2457,3,5,0,16,1,1507.64,18.0713,83,0.9635,0.8819,0.9998,54.5,83,results/spectra/cavity_run_0051.csv,results/figures/cavity_run_0051_spectrum.png,results/figures/cavity_run_0051_fit.png,
52,default,0.44,0.12,0.22,0.4235,0.094,0.2487,3,5,0,16,1,1507.44,14.6048,103,0.9640,0.8818,0.9998,54.5,103,results/spectra/cavity_run_0052.csv,results/figures/cavity_run_0052_spectrum.png,results/figures/cavity_run_0052_fit.png,
53,default,0.44,0.12,0.22,0.4235,0.094,0.2517,3,5,0,16,1,1507.23,17.7125,85,0.9643,0.8814,0.9998,54.5,85,results/spectra/cavity_run_0053.csv,results/figures/cavity_run_0053_spectrum.png,results/figures/cavity_run_0053_fit.png,
54,default,0.44,0.12,0.22,0.4235,0.088,0.2457,2,5,0,14,1,1509.54,85.2544,18,0.8181,0.7693,0.9988,48.7,18,results/spectra/cavity_run_0054.csv,results/figures/cavity_run_0054_spectrum.png,results/figures/cavity_run_0054_fit.png,
55,default,0.44,0.12,0.22,0.4235,0.088,0.2457,3,5,0,16,1,1508.20,13.7311,110,0.9640,0.8789,0.9997,54.6,110,results/spectra/cavity_run_0055.csv,results/figures/cavity_run_0055_spectrum.png,results/figures/cavity_run_0055_fit.png,
56,default,0.44,0.12,0.22,0.4235,0.088,0.2457,4,5,0,18,1,1530.06,295.0384,5,0.6559,0.3967,0.9728,44.0,234,results/spectra/cavity_run_0056.csv,results/figures/cavity_run_0056_spectrum.png,results/figures/cavity_run_0056_fit.png,
