wavelength_nm,transmission
1.423884514435695564e+03,2.240612413260473224e-01
1.424271444663104830e+03,2.253926798422791755e-01
1.424658585238606747e+03,2.266036584884662808e-01
1.425045936333776353e+03,2.276984787444940317e-01
1.425433498120375134e+03,2.286814867956344643e-01
1.425821270770351248e+03,2.295570563521862339e-01
1.426209254455840892e+03,2.303295728613128091e-01
1.426597449349166936e+03,2.310034190436112966e-01
1.426985855622840063e+03,2.315829617034427523e-01
1.427374473449558764e+03,2.320725397497772902e-01
1.427763303002210023e+03,2.324764533535579325e-01
1.428152344453869091e+03,2.327989541883398183e-01
1.428541597977799711e+03,2.330442366822691458e-01
1.428931063747455255e+03,2.332164302171912118e-01
1.429320741936477134e+03,2.333195922145382961e-01
1.429710632718697525e+03,2.333577020413518111e-01
1.430100736268137098e+03,2.333346556803845839e-01
1.430491052759007744e+03,2.332542611012090872e-01
1.430881582365710756e+03,2.331202342834351460e-01
1.431272325262837967e+03,2.329361958317186787e-01
1.431663281625172431e+03,2.327056681363173229e-01
1.432054451627687740e+03,2.324320730339189400e-01
1.432445835445548937e+03,2.321187299181380614e-01
1.432837433254112966e+03,2.317688542653623396e-01
1.433229245228927539e+03,2.313855565330900921e-01
1.433621271545734089e+03,2.309718413985830943e-01
1.434013512380464817e+03,2.305306073031083147e-01
1.434405967909245419e+03,2.300646462745484788e-01
1.434798638308393947e+03,2.295766440009152365e-01
1.435191523754422178e+03,2.290691801294345298e-01
1.435584624424034473e+03,2.285447287716821652e-01
1.435977940494129371e+03,2.280056591947783040e-01
1.436371472141799586e+03,2.274542366792119130e-01
1.436765219544331330e+03,2.268926235307729411e-01
1.437159182879205218e+03,2.263228802322872768e-01
1.437553362324097861e+03,2.257469667204794750e-01
1.437947758056879366e+03,2.251667437815023931e-01
1.438342370255615833e+03,2.245839745524474407e-01
1.438737199098568681e+03,2.240003261214263963e-01
1.439132244764195093e+03,2.234173712190366257e-01
1.439527507431148479e+03,2.228365899939203920e-01
1.439922987278278242e+03,2.222593718673101515e-01
1.440318684484630694e+03,2.216870174591456522e-01
1.440714599229449277e+03,2.211207405828172767e-01
1.441110731692173886e+03,2.205616703009022073e-01
1.441507082052442229e+03,2.200108530400147755e-01
1.441903650490089376e+03,2.194692547580557873e-01
1.442300437185149121e+03,2.189377631594309204e-01
1.442697442317852392e+03,2.184171899548712770e-01
1.443094666068629294e+03,2.179082731595132216e-01
1.443492108618108659e+03,2.174116794260286811e-01
1.443889770147118497e+03,2.169280064064617597e-01
1.444287650836685316e+03,2.164577851389649921e-01
1.444685750868036166e+03,2.160014824534116640e-01
1.445084070422597733e+03,2.155595033910042702e-01
1.445482609681996792e+03,2.151321936329906037e-01
1.445881368828059976e+03,2.147198419309801765e-01
1.446280348042815604e+03,2.143226825369175248e-01
1.446679547508492078e+03,2.139408976235891990e-01
1.447078967407519713e+03,2.135746196911558203e-01
1.447478607922529818e+03,2.132239339561371461e-01
1.447878469236355841e+03,2.128888807135186356e-01
1.448278551532033362e+03,2.125694576705460803e-01
1.448678854992800098e+03,2.122656222439490425e-01
1.449079379802096810e+03,2.119772938169633969e-01
1.449480126143566395e+03,2.117043559511772588e-01
1.449881094201055703e+03,2.114466585483702477e-01
1.450282284158614630e+03,2.112040199571535437e-01
1.450683696200497479e+03,2.109762290229144355e-01
1.451085330511161601e+03,2.107630470743335760e-01
1.451487187275269434e+03,2.105642098455473565e-01
1.451889266677687829e+03,2.103794293300302320e-01
1.452291568903488042e+03,2.102083955640789426e-01
1.452694094137948014e+03,2.100507783375434312e-01
1.453096842566549412e+03,2.099062288312188163e-01
1.453499814374980360e+03,2.097743811786306478e-01
1.453903009749135435e+03,2.096548539524167587e-01
1.454306428875114761e+03,2.095472515748953990e-01
1.454710071939225600e+03,2.094511656531912736e-01
1.455113939127981894e+03,2.093661762392180770e-01
1.455518030628104498e+03,2.092918530170423397e-01
1.455922346626522767e+03,2.092277564169252313e-01
1.456326887310372513e+03,2.091734386603351370e-01
1.456731652866998729e+03,2.091284447369499699e-01
1.457136643483953776e+03,2.090923133164014347e-01
1.457541859348999196e+03,2.090645775983932808e-01
1.457947300650105262e+03,2.090447661035451099e-01
1.458352967575451657e+03,2.090324034093321848e-01
1.458758860313427476e+03,2.090270108340448740e-01
1.459164979052631224e+03,2.090281070732599722e-01
1.459571323981871956e+03,2.090352087923488533e-01
1.459977895290169272e+03,2.090478311792701993e-01
1.460384693166752868e+03,2.090654884619446430e-01
1.460791717801063669e+03,2.090876943940735422e-01
1.461198969382753830e+03,2.091139627134965817e-01
1.461606448101687192e+03,2.091438075778062899e-01
1.462014154147939280e+03,2.091767439801396899e-01
1.462422087711797758e+03,2.092122881497845699e-01
1.462830248983762885e+03,2.092499579410460053e-01
1.463238638154547061e+03,2.092892732138478262e-01
1.463647255415077097e+03,2.093297562093466568e-01
1.464056100956491491e+03,2.093709319235385058e-01
1.464465174970143607e+03,2.094123284819784936e-01
1.464874477647599861e+03,2.094534775174274055e-01
1.465284009180641306e+03,2.094939145535285041e-01
1.465693769761263638e+03,2.095331793955308719e-01
1.466103759581677195e+03,2.095708165302978265e-01
1.466513978834307409e+03,2.096063755364137859e-01
1.466924427711795261e+03,2.096394115056197383e-01
1.467335106406997056e+03,2.096694854758490434e-01
1.467746015112986015e+03,2.096961648766073882e-01
1.468157154023050907e+03,2.097190239858201244e-01
1.468568523330697190e+03,2.097376443988666350e-01
1.468980123229647461e+03,2.097516155080602906e-01
1.469391953913841689e+03,2.097605349923369333e-01
1.469804015577437212e+03,2.097640093155825058e-01
1.470216308414809191e+03,2.097616542320301647e-01
1.470628832620550611e+03,2.097530952974403229e-01
1.471041588389474100e+03,2.097379683834108555e-01
1.471454575916609656e+03,2.097159201933961048e-01
1.471867795397207146e+03,2.096866087775588472e-01
1.472281247026735628e+03,2.096497040444068594e-01
1.472694931000883798e+03,2.096048882663489044e-01
1.473108847515560456e+03,2.095518565767502117e-01
1.473522996766894494e+03,2.094903174556309311e-01
1.473937378951235814e+03,2.094199932013142140e-01
1.474351994265155099e+03,2.093406203852471725e-01
1.474766842905443809e+03,2.092519502873440018e-01
1.475181925069115550e+03,2.091537493089686284e-01
1.475597240953405844e+03,2.090457993612806764e-01
1.476012790755771903e+03,2.089278982259681616e-01
1.476428574673893763e+03,2.087998598864187760e-01
1.476844592905674062e+03,2.086615148267375042e-01
1.477260845649238945e+03,2.085127102967471724e-01
1.477677333102937155e+03,2.083533105408699737e-01
1.478094055465342308e+03,2.081831969891469736e-01
1.478511012935250847e+03,2.080022684092401875e-01
1.478928205711684996e+03,2.078104410174832217e-01
1.479345633993890488e+03,2.076076485485678358e-01
1.479763297981338837e+03,2.073938422825483130e-01
1.480181197873726205e+03,2.071689910288679881e-01
1.480599333870975215e+03,2.069330810670319265e-01
1.481017706173233364e+03,2.066861160435766176e-01
1.481436314980875750e+03,2.064281168260680421e-01
1.481855160494502798e+03,2.061591213139765955e-01
1.482274242914942988e+03,2.058791842074230438e-01
1.482693562443251267e+03,2.055883767345972613e-01
1.483113119280710180e+03,2.052867863390686887e-01
1.483532913628830784e+03,2.049745163282235549e-01
1.483952945689351964e+03,2.046516854845523148e-01
1.484373215664241116e+03,2.043184276413864964e-01
1.484793723755694373e+03,2.039748912252129232e-01
1.485214470166137289e+03,2.036212387666271884e-01
1.485635455098224838e+03,2.032576463820403856e-01
1.486056678754841869e+03,2.028843032288349391e-01
1.486478141339103104e+03,2.025014109363923731e-01
1.486899843054354278e+03,2.021091830154261582e-01
1.487321784104171911e+03,2.017078442486713030e-01
1.487743964692363079e+03,2.012976300654341355e-01
1.488166385022966551e+03,2.008787859030102263e-01
1.488589045300253474e+03,2.004515665575979655e-01
1.489011945728726232e+03,2.000162355278577164e-01
1.489435086513120268e+03,1.995730643536665072e-01
1.489858467858403856e+03,1.991223319530362190e-01
1.490282089969777871e+03,1.986643239599444888e-01
1.490705953052676932e+03,1.981993320656836033e-01
1.491130057312769850e+03,1.977276533665143499e-01
1.491554402955958949e+03,1.972495897199398052e-01
1.491978990188381204e+03,1.967654471122018689e-01
1.492403819216408465e+03,1.962755350391734432e-01
1.492828890246647688e+03,1.957801659028509389e-01
1.493254203485940934e+03,1.952796544254931377e-01
1.493679759141366731e+03,1.947743170832124115e-01
1.494105557420238711e+03,1.942644715607849959e-01
1.494531598530108340e+03,1.937504362291277704e-01
1.494957882678762871e+03,1.932325296469769582e-01
1.495384410074226707e+03,1.927110700877264493e-01
1.495811180924762311e+03,1.921863750926497971e-01
1.496238195438869525e+03,1.916587610512036632e-01
1.496665453825286477e+03,1.911285428090772065e-01
1.497092956292989584e+03,1.905960333045123023e-01
1.497520703051194459e+03,1.900615432331142496e-01
1.497948694309355460e+03,1.895253807412956293e-01
1.498376930277167048e+03,1.889878511482613321e-01
1.498805411164562656e+03,1.884492566963517912e-01
1.499234137181716960e+03,1.879098963293045765e-01
1.499663108539044742e+03,1.873700654979322533e-01
1.500092325447201347e+03,1.868300559924890580e-01
1.500521788117083815e+03,1.862901558009135983e-01
1.500951496759830206e+03,1.857506489919988901e-01
1.501381451586821413e+03,1.852118156224230594e-01
1.501811652809679572e+03,1.846739316663675579e-01
1.502242100640269882e+03,1.841372689666001816e-01
1.502672795290701060e+03,1.836020952054726318e-01
1.503103736973324430e+03,1.830686738945345449e-01
1.503534925900735288e+03,1.825372643811467854e-01
1.503966362285772448e+03,1.820081218705623116e-01
1.504398046341519830e+03,1.814814974619032018e-01
1.504829978281305785e+03,1.809576381963125535e-01
1.505262158318703541e+03,1.804367871157041003e-01
1.505694586667531667e+03,1.799191833303706023e-01
1.506127263541855200e+03,1.794050620938497931e-01
1.506560189155984290e+03,1.788946548833140748e-01
1.506993363724476239e+03,1.783881894839659810e-01
1.507426787462135508e+03,1.778858900757165074e-01
1.507860460584012799e+03,1.773879773206878951e-01
1.508294383305406882e+03,1.768946684499826394e-01
1.508728555841864591e+03,1.764061773483077966e-01
1.509162978409180823e+03,1.759227146350546833e-01
1.509597651223398771e+03,1.754444877405303416e-01
1.510032574500811052e+03,1.749717009761523057e-01
1.510467748457959260e+03,1.745045555973936402e-01
1.510903173311635328e+03,1.740432498585673116e-01
1.511338849278880843e+03,1.735879790583185200e-01
1.511774776576987279e+03,1.731389355751565828e-01
1.512210955423497808e+03,1.726963088921482092e-01
1.512647386036205944e+03,1.722602856102267710e-01
1.513084068633157358e+03,1.718310494494703355e-01
1.513521003432648968e+03,1.714087812380589715e-01
1.513958190653230304e+03,1.709936588884496678e-01
1.514395630513703736e+03,1.705858573606879314e-01
1.514833323233123565e+03,1.701855486125962991e-01
1.515271269030798976e+03,1.697929015370129580e-01
1.515709468126291313e+03,1.694080818859978743e-01
1.516147920739417032e+03,1.690312521823356950e-01
1.516586627090246338e+03,1.686625716185478907e-01
1.517025587399104779e+03,1.683021959438024129e-01
1.517464801886572332e+03,1.679502773392469728e-01
1.517904270773485223e+03,1.676069642821877148e-01
1.518343994280935249e+03,1.672724013998616310e-01
1.518783972630270227e+03,1.669467293134103136e-01
1.519224206043095364e+03,1.666300844728280384e-01
1.519664694741272342e+03,1.663225989836843999e-01
1.520105438946920231e+03,1.660244004265203355e-01
1.520546438882415941e+03,1.657356116697362991e-01
1.520987694770394455e+03,1.654563506769995695e-01
1.521429206833749276e+03,1.651867303100334472e-01
1.521870975295632888e+03,1.649268581279071944e-01
1.522313000379456980e+03,1.646768361837038785e-01
1.522755282308892902e+03,1.644367608196122266e-01
1.523197821307871436e+03,1.642067224615030019e-01
1.523640617600585074e+03,1.639868054139332620e-01
1.524083671411485966e+03,1.637770876565862455e-01
1.524526982965287971e+03,1.635776406431358188e-01
1.524970552486965744e+03,1.633885291034538056e-01
1.525414380201756558e+03,1.632098108501162381e-01
1.525858466335160074e+03,1.630415365900544367e-01
1.526302811112937889e+03,1.628837497422143121e-01
1.526747414761114896e+03,1.627364862620124808e-01
1.527192277505980201e+03,1.625997744733585493e-01
1.527637399574085975e+03,1.624736349088987397e-01
1.528082781192248603e+03,1.623580801591647249e-01
1.528528422587549130e+03,1.622531147312049060e-01
1.528974323987333719e+03,1.621587349171946246e-01
1.529420485619213878e+03,1.620749286735331807e-01
1.529866907711066915e+03,1.620016755108048268e-01
1.530313590491035939e+03,1.619389463949520713e-01
1.530760534187530993e+03,1.618867036599478115e-01
1.531207739029228833e+03,1.618449009321861753e-01
1.531655205245073375e+03,1.618134830667707913e-01
1.532102933064276613e+03,1.617923860957519444e-01
1.532550922716318382e+03,1.617815371884502584e-01
1.532999174430947050e+03,1.617808546237845813e-01
1.533447688438179966e+03,1.617902477746038792e-01
1.533896464968303235e+03,1.618096171039260789e-01
1.534345504251873535e+03,1.618388541729127994e-01
1.534794806519716531e+03,1.618778416604564896e-01
1.535244372002929140e+03,1.619264533941415229e-01
1.535694200932878857e+03,1.619845543923666420e-01
1.536144293541204661e+03,1.620520009173532505e-01
1.536594650059816786e+03,1.621286405387888097e-01
1.537045270720897634e+03,1.622143122078190391e-01
1.537496155756901999e+03,1.623088463410616022e-01
1.537947305400557525e+03,1.624120649144000228e-01
1.538398719884865386e+03,1.625237815662297636e-01
1.538850399443100287e+03,1.626438017098412736e-01
1.539302344308810461e+03,1.627719226547581222e-01
1.539754554715818813e+03,1.629079337366465818e-01
1.540207030898224048e+03,1.630516164556661263e-01
1.540659773090398858e+03,1.632027446229568912e-01
1.541112781526991967e+03,1.633610845151325652e-01
1.541566056442928584e+03,1.635263950365774821e-01
1.542019598073409725e+03,1.636984278894204892e-01
1.542473406653914026e+03,1.638769277511031575e-01
1.542927482420196611e+03,1.640616324594394160e-01
1.543381825608290910e+03,1.642522732051636403e-01
1.543836436454507748e+03,1.644485747319484881e-01
1.544291315195437846e+03,1.646502555439162130e-01
1.544746462067949096e+03,1.648570281207233090e-01
1.545201877309190195e+03,1.650685991403027797e-01
1.545657561156588599e+03,1.652846697093652839e-01
1.546113513847852118e+03,1.655049356018335471e-01
1.546569735620969595e+03,1.657290875053344104e-01
1.547026226714210452e+03,1.659568112759452485e-01
1.547482987366125371e+03,1.661877882013865770e-01
1.547940017815547435e+03,1.664216952728513887e-01
1.548397318301590985e+03,1.666582054656163825e-01
1.548854889063654355e+03,1.668969880287151653e-01
1.549312730341417819e+03,1.671377087837770947e-01
1.549770842374845643e+03,1.673800304331895250e-01
1.550229225404185854e+03,1.676236128777560119e-01
1.550687879669970471e+03,1.678681135439034910e-01
1.551146805413017091e+03,1.681131877205520875e-01
1.551606002874427759e+03,1.683584889055854406e-01
1.552065472295590325e+03,1.686036691619891004e-01
1.552525213918178224e+03,1.688483794834596541e-01
1.552985227984152743e+03,1.690922701694131947e-01
1.553445514735760298e+03,1.693349912091145770e-01
1.553906074415535386e+03,1.695761926746804926e-01
1.554366907266300359e+03,1.698155251225117457e-01
1.554828013531165197e+03,1.700526400027952412e-01
1.555289393453529101e+03,1.702871900764576507e-01
1.555751047277079806e+03,1.705188298389770096e-01
1.556212975245794269e+03,1.707472159503849451e-01
1.556675177603939801e+03,1.709720076705612268e-01
1.557137654596073617e+03,1.711928672990744860e-01
1.557600406467043967e+03,1.714094606184736469e-01
1.558063433461990371e+03,1.716214573400776933e-01
1.558526735826343156e+03,1.718285315510620637e-01
1.558990313805825281e+03,1.720303621617438328e-01
1.559454167646452106e+03,1.722266333516446479e-01
1.559918297594531623e+03,1.724170350131398743e-01
1.560382703896665362e+03,1.726012631912485218e-01
1.560847386799748165e+03,1.727790205181219396e-01
1.561312346550970233e+03,1.729500166407784145e-01
1.561777583397815079e+03,1.731139686405735179e-01
1.562243097588062028e+03,1.732706014428962715e-01
1.562708889369785311e+03,1.734196482155636598e-01
1.563174958991355879e+03,1.735608507543824897e-01
1.563641306701440271e+03,1.736939598543774110e-01
1.564107932749002657e+03,1.738187356652138582e-01
1.564574837383303702e+03,1.739349480293506112e-01
1.565042020853902386e+03,1.740423768015753048e-01
1.565509483410655548e+03,1.741408121485176763e-01
1.565977225303718797e+03,1.742300548269924698e-01
1.566445246783546736e+03,1.743099164399026790e-01
1.566913548100893422e+03,1.743802196686930484e-01
1.567382129506813044e+03,1.744407984813509949e-01
1.567850991252659696e+03,1.744914983151367449e-01
1.568320133590088972e+03,1.745321762332646964e-01
1.568789556771057278e+03,1.745627010550055980e-01
1.569259261047822974e+03,1.745829534586630649e-01
1.569729246672946374e+03,1.745928260571946167e-01
1.570199513899291105e+03,1.745922234462581879e-01
1.570670062980023204e+03,1.745810622246394828e-01
1.571140894168612704e+03,1.745592709872999804e-01
1.571612007718833411e+03,1.745267902911705193e-01
1.572083403884763356e+03,1.744835725943039706e-01
1.572555082920786163e+03,1.744295821688210679e-01
1.573027045081590359e+03,1.743647949884936654e-01
1.573499290622170520e+03,1.742891985917695841e-01
1.573971819797827266e+03,1.742027919213068599e-01
1.574444632864168170e+03,1.741055851411110744e-01
1.574917730077108445e+03,1.739975994325582420e-01
1.575391111692870027e+03,1.738788667706713253e-01
1.575864777967984082e+03,1.737494296821206485e-01
1.576338729159289414e+03,1.736093409865140380e-01
1.576812965523934281e+03,1.734586635225616458e-01
1.577287487319377078e+03,1.732974698609215936e-01
1.577762294803385203e+03,1.731258420053509994e-01
1.578237388234037326e+03,1.729438710840386084e-01
1.578712767869722029e+03,1.727516570328805345e-01
1.579188433969140988e+03,1.725493082725303162e-01
1.579664386791306242e+03,1.723369413810265371e-01
1.580140626595542926e+03,1.721146807637982390e-01
1.580617153641488585e+03,1.718826583227684723e-01
1.581093968189094539e+03,1.716410131263072236e-01
1.581571070498625204e+03,1.713898910816415988e-01
1.582048460830659906e+03,1.711294446112898993e-01
1.582526139446092202e+03,1.708598323350445924e-01
1.583004106606131472e+03,1.705812187588150453e-01
1.583482362572301554e+03,1.702937739716923193e-01
1.583960907606443925e+03,1.699976733523275163e-01
1.584439741970715659e+03,1.696930972857096376e-01
1.584918865927591469e+03,1.693802308912091270e-01
1.585398279739863256e+03,1.690592637626928130e-01
1.585877983670641015e+03,1.687303897213157378e-01
1.586357977983353294e+03,1.683938065814858664e-01
1.586838262941748326e+03,1.680497159303133703e-01
1.587318838809892441e+03,1.676983229207891779e-01
1.587799705852173474e+03,1.673398360786861605e-01
1.588280864333299178e+03,1.669744671231318811e-01
1.588762314518297671e+03,1.666024308005648602e-01
1.589244056672519037e+03,1.662239447317617191e-01
1.589726091061635771e+03,1.658392292713936622e-01
1.590208417951641650e+03,1.654485073795272654e-01
1.590691037608854231e+03,1.650520045042851713e-01
1.591173950299914395e+03,1.646499484748732423e-01
1.591657156291786578e+03,1.642425694040179907e-01
1.592140655851759675e+03,1.638300995988054842e-01
1.592624449247447728e+03,1.634127734788086705e-01
1.593108536746790151e+03,1.629908275003710827e-01
1.593592918618051726e+03,1.625645000858281508e-01
1.594077595129823976e+03,1.621340315564543388e-01
1.594562566551025384e+03,1.616996640678340647e-01
1.595047833150901624e+03,1.612616415464020736e-01
1.595533395199026018e+03,1.608202096259019886e-01
1.596019252965300666e+03,1.603756155824816731e-01
1.596505406719956000e+03,1.599281082672182608e-01
1.596991856733552368e+03,1.594779380348564091e-01
1.597478603276980039e+03,1.590253566676846364e-01
1.597965646621458745e+03,1.585706172934022717e-01
1.598452987038540186e+03,1.581139742960564754e-01
1.598940624800106434e+03,1.576556832191093604e-01
1.599428560178371981e+03,1.571960006597324100e-01
1.599916793445883968e+03,1.567351841538748014e-01
1.600405324875521501e+03,1.562734920510862602e-01
1.600894154740498379e+03,1.558111833790189471e-01
1.601383283314360597e+03,1.553485176969399972e-01
1.601872710870990431e+03,1.548857549381772725e-01
1.602362437684603947e+03,1.544231552412840269e-01
1.602852464029752809e+03,1.539609787699672550e-01
1.603342790181324744e+03,1.534994855219144194e-01
1.603833416414543990e+03,1.530389351267912312e-01
1.604324343004971752e+03,1.525795866337721907e-01
1.604815570228506431e+03,1.521216982891379632e-01
1.605307098361384760e+03,1.516655273046089436e-01
1.605798927680181805e+03,1.512113296170676802e-01
1.606291058461812099e+03,1.507593596406488490e-01
1.606783490983529646e+03,1.503098700121140996e-01
1.607276225522927689e+03,1.498631113304562945e-01
1.607769262357941216e+03,1.494193318920260805e-01
1.608262601766845819e+03,1.489787774223338412e-01
1.608756244028258607e+03,1.485416908057054231e-01
1.609250189421139112e+03,1.481083118143013966e-01
1.609744438224789519e+03,1.476788768376842143e-01
1.610238990718855348e+03,1.472536186144058623e-01
1.610733847183325452e+03,1.468327659670392860e-01
1.611229007898533837e+03,1.464165435420256844e-01
1.611724473145158527e+03,1.460051715557690311e-01
1.612220243204223152e+03,1.455988655483052008e-01
1.612716318357097180e+03,1.451978361459658196e-01
1.613212698885496593e+03,1.448022888342822556e-01
1.613709385071484348e+03,1.444124237423502211e-01
1.614206377197470829e+03,1.440284354398713718e-01
1.614703675546214072e+03,1.436505127479202892e-01
1.615201280400821133e+03,1.432788385644415408e-01
1.615699192044748315e+03,1.429135897053354365e-01
1.616197410761800938e+03,1.425549367619784735e-01
1.616695936836135161e+03,1.422030439757057119e-01
1.617194770552257296e+03,1.418580691299843322e-01
1.617693912195024950e+03,1.415201634604669190e-01
1.618193362049647931e+03,1.411894715832737179e-01
1.618693120401687793e+03,1.408661314417605503e-01
1.619193187537059657e+03,1.405502742714752340e-01
1.619693563742031301e+03,1.402420245833778667e-01
1.620194249303225433e+03,1.399415001648973145e-01
1.620695244507618327e+03,1.396488120984507308e-01
1.621196549642541868e+03,1.393640647967337720e-01
1.621698164995683328e+03,1.390873560542024712e-01
1.622200090855086273e+03,1.388187771137479598e-01
1.622702327509150791e+03,1.385584127477403893e-01
1.623204875246634629e+03,1.383063413522440388e-01
1.623707734356652963e+03,1.380626350532926927e-01
1.624210905128679315e+03,1.378273598238387299e-01
1.624714387852546679e+03,1.376005756102482436e-01
1.625218182818446849e+03,1.373823364665373858e-01
1.625722290316932231e+03,1.371726906952508429e-01
1.626226710638915392e+03,1.369716809931659229e-01
1.626731444075670424e+03,1.367793446004159919e-01
1.627236490918832942e+03,1.365957134514333426e-01
1.627741851460400767e+03,1.364208143260003114e-01
1.628247525992734836e+03,1.362546689991612769e-01
1.628753514808558975e+03,1.360972943881643971e-01
1.629259818200961490e+03,1.359487026951148869e-01
1.629766436463395621e+03,1.358089015439405134e-01
1.630273369889678861e+03,1.356778941103202185e-01
1.630780618773994547e+03,1.355556792433509905e-01
1.631288183410892543e+03,1.354422515778326008e-01
1.631796064095289466e+03,1.353376016361760859e-01
1.632304261122469143e+03,1.352417159190545670e-01
1.632812774788083516e+03,1.351545769841663025e-01
1.633321605388153330e+03,1.350761635123879090e-01
1.633830753219067446e+03,1.350064503610536315e-01
1.634340218577586029e+03,1.349454086040763889e-01
1.634850001760838040e+03,1.348930055588522248e-01
1.635360103066323745e+03,1.348492048000653754e-01
1.635870522791915391e+03,1.348139661606928275e-01
1.636381261235856073e+03,1.347872457206770735e-01
1.636892318696762686e+03,1.347689957839626751e-01
1.637403695473624339e+03,1.347591648446370416e-01
1.637915391865804622e+03,1.347576975431792334e-01
1.638427408173040703e+03,1.347645346141116696e-01
1.638939744695445142e+03,1.347796128260091986e-01
1.639452401733506122e+03,1.348028649157330117e-01
1.639965379588087671e+03,1.348342195179343950e-01
1.640478678560430581e+03,1.348736010919531214e-01
1.640992298952152623e+03,1.349209298474391416e-01
1.641506241065249696e+03,1.349761216707912048e-01
1.642020505202096047e+03,1.350390880540630889e-01
1.642535091665445407e+03,1.351097360282494386e-01
1.643050000758430087e+03,1.351879681030939973e-01
1.643565232784563705e+03,1.352736822145750584e-01
1.644080788047740270e+03,1.353667716828455825e-01
1.644596666852235103e+03,1.354671251814751065e-01
1.645112869502705962e+03,1.355746267203049304e-01
1.645629396304192596e+03,1.356891556430357415e-01
1.646146247562118560e+03,1.358105866411148943e-01
1.646663423582290989e+03,1.359387897853790161e-01
1.647180924670901049e+03,1.360736305759196740e-01
1.647698751134525764e+03,1.362149700118264750e-01
1.648216903280126871e+03,1.363626646808627496e-01
1.648735381415053553e+03,1.365165668698169466e-01
1.649254185847040844e+03,1.366765246955633506e-01
1.649773316884211454e+03,1.368423822567620685e-01
1.650292774835076216e+03,1.370139798062185998e-01
1.650812560008534547e+03,1.371911539426529103e-01
1.651332672713875581e+03,1.373737378217556593e-01
1.651853113260777945e+03,1.375615613848509555e-01
1.652373881959310893e+03,1.377544516040926925e-01
1.652894979119934760e+03,1.379522327425108941e-01
1.653416405053501421e+03,1.381547266269357033e-01
1.653938160071255879e+03,1.383617529319254302e-01
1.654460244484835584e+03,1.385731294721782025e-01
1.654982658606271571e+03,1.387886725011817646e-01
1.655505402747989137e+03,1.390081970132573397e-01
1.656028477222808306e+03,1.392315170465692475e-01
1.656551882343945408e+03,1.394584459838674462e-01
1.657075618425011498e+03,1.396887968484186449e-01
1.657599685780015534e+03,1.399223825920248021e-01
1.658124084723363239e+03,1.401590163724275029e-01
1.658648815569858698e+03,1.403985118168634139e-01
1.659173878634704351e+03,1.406406832694201414e-01
1.659699274233501683e+03,1.408853460196372587e-01
1.660225002682252807e+03,1.411323165093759102e-01
1.660751064297359335e+03,1.413814125165901714e-01
1.661277459395625101e+03,1.416324533128554275e-01
1.661804188294254800e+03,1.418852597950309158e-01
1.662331251310855805e+03,1.421396545866372985e-01
1.662858648763438850e+03,1.423954621118861674e-01
1.663386380970418486e+03,1.426525086380122376e-01
1.663914448250613077e+03,1.429106222887640554e-01
1.664442850923246397e+03,1.431696330272270168e-01
1.664971589307947397e+03,1.434293726104182154e-01
1.665500663724751576e+03,1.436896745156053812e-01
1.666030074494101655e+03,1.439503738409490252e-01
1.666559821936847356e+03,1.442113071821421733e-01
1.667089906374246766e+03,1.444723124878690423e-01
1.667620328127967014e+03,1.447332288974159664e-01
1.668151087520084502e+03,1.449938965635230170e-01
1.668682184873086499e+03,1.452541564646707695e-01
1.669213620509870225e+03,1.455138502115551347e-01
1.669745394753744677e+03,1.457728198511382689e-01
1.670277507928430850e+03,1.460309076745942569e-01
1.670809960358062881e+03,1.462879560335313134e-01
1.671342752367188268e+03,1.465438071695978339e-01
1.671875884280768105e+03,1.467983030636665076e-01
1.672409356424178668e+03,1.470512853089648853e-01
1.672943169123211646e+03,1.473025950143982687e-01
1.673477322704075050e+03,1.475520727426742895e-01
1.674011817493393210e+03,1.477995584888317504e-01
1.674546653818208142e+03,1.480448917028164835e-01
1.675081832005979550e+03,1.482879113617033284e-01
1.675617352384586638e+03,1.485284560948393062e-01
1.676153215282326983e+03,1.487663643642358480e-01
1.676689421027919479e+03,1.490014747048020727e-01
1.677225969950502758e+03,1.492336260250537172e-01
1.677762862379636999e+03,1.494626579686352263e-01
1.678300098645305525e+03,1.496884113397842497e-01
1.678837679077913435e+03,1.499107285882917417e-01
1.679375604008289429e+03,1.501294543558517880e-01
1.679913873767686709e+03,1.503444360783470768e-01
1.680452488687782989e+03,1.505555246425397675e-01
1.680991449100681393e+03,1.507625750911638363e-01
1.681530755338911831e+03,1.509654473697523425e-01
1.682070407735430308e+03,1.511640071114067618e-01
1.682610406623620975e+03,1.513581264476775157e-01
1.683150752337295671e+03,1.515476848386364261e-01
1.683691445210696202e+03,1.517325699122213933e-01
1.684232485578492970e+03,1.519126783005173564e-01
1.684773873775787024e+03,1.520879164625411617e-01
1.685315610138110287e+03,1.522582014811894313e-01
1.685857695001426919e+03,1.524234618172667644e-01
1.686400128702132633e+03,1.525836380150723537e-01
1.686942911577056748e+03,1.527386833351965789e-01
1.687486043963462635e+03,1.528885643086579371e-01
1.688029526199047268e+03,1.530332611940537768e-01
1.688573358621943953e+03,1.531727683224874126e-01
1.689117541570720959e+03,1.533070943213508119e-01
1.689662075384383570e+03,1.534362621969685148e-01
1.690206960402374079e+03,1.535603092683590631e-01
1.690752196964572931e+03,1.536792869397632100e-01
1.691297785411299401e+03,1.537932602986076258e-01
1.691843726083312276e+03,1.539023075322612510e-01
1.692390019321809859e+03,1.540065191581502235e-01
1.692936665468431556e+03,1.541059970545194946e-01
1.693483664865259243e+03,1.542008532973036528e-01
1.694031017854815673e+03,1.542912087950796540e-01
1.694578724780067205e+03,1.543771917250693348e-01
1.695126785984423805e+03,1.544589357786037009e-01
1.695675201811739953e+03,1.545365782123923892e-01
1.696223972606315101e+03,1.546102577280668022e-01
1.696773098712894807e+03,1.546801121819694202e-01
1.697322580476670737e+03,1.547462761478672622e-01
1.697872418243282254e+03,1.548088783481336161e-01
1.698422612358816423e+03,1.548680389764411358e-01
1.698973163169809823e+03,1.549238669415279324e-01
1.699524071023247416e+03,1.549764570539405306e-01
1.700075336266564818e+03,1.550258871938262617e-01
1.700626959247648983e+03,1.550722154933079355e-01
